dataset,run,method,accuracy,inference_time,avg_work_units,speedup,accuracy_drop,energy_reduction,worst_case_latency,lazy_rf_threshold,lazy_gbm_threshold
MNIST,0,LazyRF[t=0.900],0.9691,0.5387003421783447,15.306,0.07639701824274953,0.0013000000000000789,0.84694,0.041155099868774414,0.9,
MNIST,0,LazyRF[t=0.970],0.97,0.5665254592895508,18.908,0.07264474913516653,0.00040000000000006697,0.81092,0.041155099868774414,0.97,
MNIST,0,LazyRF[t=0.990],0.9704,0.5981087684631348,22.245,0.06880872182249417,0.0,0.77755,0.041155099868774414,0.99,
MNIST,0,LazyGBM[s=2.00],0.9418,2.205369234085083,81.0,0.07176927453643459,0.0040000000000000036,0.18999999999999995,0.1582777500152588,,2.0
MNIST,0,LazyGBM[s=4.00],0.9418,2.2303543090820312,81.0,0.07096529433496274,0.0040000000000000036,0.18999999999999995,0.1582777500152588,,4.0
Covertype,0,LazyRF[t=0.900],0.9261,1.5559148788452148,16.249,0.045639582101079074,0.0010749999999999371,0.83751,0.07101130485534668,0.9,
Covertype,0,LazyRF[t=0.970],0.92725,1.831923484802246,21.15,0.03876324827126296,-7.500000000004725e-05,0.7885,0.07101130485534668,0.97,
Covertype,0,LazyRF[t=0.990],0.9273,2.0784645080566406,25.4075,0.034165271805262666,-0.00012500000000004174,0.745925,0.07101130485534668,0.99,
Covertype,0,LazyGBM[s=2.00],0.769975,0.8486588001251221,80.998425,0.27744032714403827,0.00495000000000001,0.19001575000000004,0.23545217514038086,,2.0
Covertype,0,LazyGBM[s=4.00],0.769975,0.8623199462890625,80.99935,0.2730450294622476,0.00495000000000001,0.19000649999999997,0.23545217514038086,,4.0
Higgs,0,LazyRF[t=0.900],0.72055,0.877521276473999,32.87475,0.07356372930325591,0.0018500000000000183,0.6712525,0.06455373764038086,0.9,
Higgs,0,LazyRF[t=0.970],0.72225,1.2330663204193115,48.18875,0.05235220244960464,0.0001500000000000945,0.5181125,0.06455373764038086,0.97,
Higgs,0,LazyRF[t=0.990],0.72245,1.4196467399597168,56.28,0.04547169082515035,-4.999999999999449e-05,0.43720000000000003,0.06455373764038086,0.99,
Higgs,0,LazyGBM[s=2.00],0.712925,0.14597368240356445,69.674,0.3096635731995335,0.0,0.30326,0.04520273208618164,,2.0
Higgs,0,LazyGBM[s=4.00],0.712925,0.15866470336914062,79.57,0.2848946938186714,0.0,0.20430000000000004,0.04520273208618164,,4.0
Credit Card,0,LazyRF[t=0.900],0.999475,0.20335102081298828,10.02175,0.13510709143690586,-2.5000000000052758e-05,0.8997824999999999,0.027474164962768555,0.9,
Credit Card,0,LazyRF[t=0.970],0.99945,0.19285058975219727,10.04125,0.1424634739155913,0.0,0.8995875,0.027474164962768555,0.97,
Credit Card,0,LazyRF[t=0.990],0.99945,0.1966252326965332,10.04725,0.13972858206439628,0.0,0.8995275,0.027474164962768555,0.99,
Credit Card,0,LazyGBM[s=2.00],0.99905,0.06792092323303223,9.9962,0.2557875042561631,0.0,0.900038,0.017373323440551758,,2.0
Credit Card,0,LazyGBM[s=4.00],0.99905,0.07004332542419434,10.0061,0.24803681628957427,0.0,0.899939,0.017373323440551758,,4.0
MNIST,1,LazyRF[t=0.900],0.9688,0.5387368202209473,15.309,0.07365510929684824,0.0006000000000000449,0.84691,0.03968071937561035,0.9,
MNIST,1,LazyRF[t=0.970],0.9692,0.5670108795166016,19.011,0.06998228924538394,0.000200000000000089,0.80989,0.03968071937561035,0.97,
MNIST,1,LazyRF[t=0.990],0.9694,0.5915963649749756,22.312,0.06707397429206455,0.0,0.77688,0.03968071937561035,0.99,
MNIST,1,LazyGBM[s=2.00],0.9419,2.2041666507720947,81.0,0.06946271719301737,0.0040000000000000036,0.18999999999999995,0.1531074047088623,,2.0
MNIST,1,LazyGBM[s=4.00],0.9419,2.2210097312927246,81.0,0.0689359450126079,0.0040000000000000036,0.18999999999999995,0.1531074047088623,,4.0
Covertype,1,LazyRF[t=0.900],0.923525,1.5778467655181885,16.531,0.045388245245633514,0.0011499999999999844,0.83469,0.07161569595336914,0.9,
Covertype,1,LazyRF[t=0.970],0.92455,1.8273069858551025,21.52925,0.039191934638095866,0.00012500000000004174,0.7847075,0.07161569595336914,0.97,
Covertype,1,LazyRF[t=0.990],0.924725,2.090784788131714,25.8095,0.03425302133433044,-4.999999999999449e-05,0.741905,0.07161569595336914,0.99,
Covertype,1,LazyGBM[s=2.00],0.766025,0.8790152072906494,80.9866,0.2700066750622549,0.005125000000000046,0.19013400000000003,0.23733997344970703,,2.0
Covertype,1,LazyGBM[s=4.00],0.766025,0.8803696632385254,80.99885,0.26959126757801816,0.005125000000000046,0.1900115,0.23733997344970703,,4.0
Higgs,1,LazyRF[t=0.900],0.720675,0.9001860618591309,33.1505,0.06545223688399414,0.002975000000000061,0.6684950000000001,0.05891919136047363,0.9,
Higgs,1,LazyRF[t=0.970],0.722925,1.2175812721252441,48.56775,0.04839035611777464,0.0007249999999999757,0.5143225,0.05891919136047363,0.97,
Higgs,1,LazyRF[t=0.990],0.723275,1.4170546531677246,56.827,0.04157863017404726,0.0003750000000000142,0.43173000000000006,0.05891919136047363,0.99,
Higgs,1,LazyGBM[s=2.00],0.711575,0.1467273235321045,67.607875,0.3083736446226067,0.0,0.32392124999999994,0.04524683952331543,,2.0
Higgs,1,LazyGBM[s=4.00],0.711575,0.15490365028381348,77.9512,0.29209666421943226,0.0,0.22048800000000002,0.04524683952331543,,4.0
Credit Card,1,LazyRF[t=0.900],0.999525,0.19919586181640625,10.0145,0.13440169098778199,0.0,0.899855,0.026772260665893555,0.9,
Credit Card,1,LazyRF[t=0.970],0.999525,0.18630099296569824,10.03,0.14370433694265314,0.0,0.8996999999999999,0.026772260665893555,0.97,
Credit Card,1,LazyRF[t=0.990],0.999525,0.1928858757019043,10.0365,0.13879845047477077,0.0,0.899635,0.026772260665893555,0.99,
Credit Card,1,LazyGBM[s=2.00],0.99845,0.12701034545898438,95.843825,0.1394991740501577,0.0,0.041561750000000064,0.017717838287353516,,2.0
Credit Card,1,LazyGBM[s=4.00],0.99845,0.13112902641296387,95.843825,0.13511759197810888,0.0,0.041561750000000064,0.017717838287353516,,4.0
MNIST,2,LazyRF[t=0.900],0.9686,0.5389647483825684,15.305,0.07335279144928164,0.00029999999999996696,0.84695,0.039534568786621094,0.9,
MNIST,2,LazyRF[t=0.970],0.9691,0.5674929618835449,18.906,0.0696653023773253,-0.00019999999999997797,0.81094,0.039534568786621094,0.97,
MNIST,2,LazyRF[t=0.990],0.9689,0.5928661823272705,22.149,0.06668379807299829,0.0,0.77851,0.039534568786621094,0.99,
MNIST,2,LazyGBM[s=2.00],0.9418,2.283804178237915,81.0,0.06626422948022903,0.0040000000000000036,0.18999999999999995,0.15133452415466309,,2.0
MNIST,2,LazyGBM[s=4.00],0.9418,2.29797101020813,81.0,0.06585571509927644,0.0040000000000000036,0.18999999999999995,0.15133452415466309,,4.0
Covertype,2,LazyRF[t=0.900],0.927425,1.5887625217437744,16.504,0.037250180191252584,0.0014249999999998986,0.8349599999999999,0.05918169021606445,0.9,
Covertype,2,LazyRF[t=0.970],0.928725,1.8642339706420898,21.4335,0.031745849044731635,0.00012499999999993072,0.7856650000000001,0.05918169021606445,0.97,
Covertype,2,LazyRF[t=0.990],0.928875,2.0999295711517334,25.72425,0.02818270242444631,-2.5000000000052758e-05,0.7427575,0.05918169021606445,0.99,
Covertype,2,LazyGBM[s=2.00],0.76815,0.8610780239105225,80.9995,0.2751715779858529,0.005550000000000055,0.19000499999999998,0.23694419860839844,,2.0
Covertype,2,LazyGBM[s=4.00],0.76815,0.8636388778686523,80.999925,0.27435564178530925,0.005550000000000055,0.19000074999999994,0.23694419860839844,,4.0
Higgs,2,LazyRF[t=0.900],0.7177,0.8790743350982666,32.86575,0.07072838988854399,0.0027000000000000357,0.6713425,0.06217551231384277,0.9,
Higgs,2,LazyRF[t=0.970],0.720075,1.210080623626709,48.30925,0.05138129732835302,0.0003250000000000197,0.5169075000000001,0.06217551231384277,0.97,
Higgs,2,LazyRF[t=0.990],0.720125,1.412689208984375,56.52475,0.044012166241818064,0.0002750000000000252,0.4347525,0.06217551231384277,0.99,
Higgs,2,LazyGBM[s=2.00],0.710525,0.14618206024169922,71.724675,0.3147495156018606,0.0,0.28275324999999996,0.046010732650756836,,2.0
Higgs,2,LazyGBM[s=4.00],0.710525,0.15422296524047852,81.2362,0.2983390481373037,0.0,0.18763800000000008,0.046010732650756836,,4.0
Credit Card,2,LazyRF[t=0.900],0.99945,0.19100284576416016,10.0185,0.13829444630294435,0.0,0.899815,0.02641463279724121,0.9,
Credit Card,2,LazyRF[t=0.970],0.99945,0.1945664882659912,10.0345,0.13576147173468975,0.0,0.899655,0.02641463279724121,0.97,
Credit Card,2,LazyRF[t=0.990],0.99945,0.19368219375610352,10.0435,0.13638131768841968,0.0,0.899565,0.02641463279724121,0.99,
Credit Card,2,LazyGBM[s=2.00],0.99855,0.07110881805419922,18.9764,0.2452523369499618,0.0,0.810236,0.017439603805541992,,2.0
Credit Card,2,LazyGBM[s=4.00],0.99855,0.07608175277709961,18.98115,0.22922189840493873,0.0,0.8101885,0.017439603805541992,,4.0
MNIST,3,LazyRF[t=0.900],0.9692,0.5380163192749023,15.418,0.07310143915370176,0.000300000000000078,0.84582,0.03932976722717285,0.9,
MNIST,3,LazyRF[t=0.970],0.9696,0.5691299438476562,18.937,0.06910507460085526,-9.999999999998899e-05,0.81063,0.03932976722717285,0.97,
MNIST,3,LazyRF[t=0.990],0.9696,0.5954976081848145,22.318,0.06604521443345032,-9.999999999998899e-05,0.77682,0.03932976722717285,0.99,
MNIST,3,LazyGBM[s=2.00],0.9419,2.269495964050293,81.0,0.07786473642697792,0.0040000000000000036,0.18999999999999995,0.1767137050628662,,2.0
MNIST,3,LazyGBM[s=4.00],0.9419,2.2805495262145996,81.0,0.07748733497412214,0.0040000000000000036,0.18999999999999995,0.1767137050628662,,4.0
Covertype,3,LazyRF[t=0.900],0.927025,1.561288833618164,16.50475,0.04409820845015362,0.0008500000000000174,0.8349525,0.06885004043579102,0.9,
Covertype,3,LazyRF[t=0.970],0.92775,1.8246588706970215,21.46425,0.037733102631666286,0.00012500000000004174,0.7853575,0.06885004043579102,0.97,
Covertype,3,LazyRF[t=0.990],0.9279,2.102607488632202,25.67325,0.03274507524967471,-2.4999999999941735e-05,0.7432675,0.06885004043579102,0.99,
Covertype,3,LazyGBM[s=2.00],0.767175,0.8502883911132812,80.9958,0.27944115694174015,0.0060749999999999416,0.19004199999999993,0.23760557174682617,,2.0
Covertype,3,LazyGBM[s=4.00],0.767175,0.8706367015838623,80.999475,0.2729101257902109,0.0060749999999999416,0.19000525000000001,0.23760557174682617,,4.0
Higgs,3,LazyRF[t=0.900],0.72045,0.9163162708282471,33.261,0.0698590719611668,0.0022249999999999215,0.6673899999999999,0.06401300430297852,0.9,
Higgs,3,LazyRF[t=0.970],0.72235,1.2507693767547607,48.69575,0.05117890275589118,0.0003249999999999087,0.5130425000000001,0.06401300430297852,0.97,
Higgs,3,LazyRF[t=0.990],0.722525,1.4275388717651367,56.87275,0.04484151399942413,0.00014999999999998348,0.43127249999999995,0.06401300430297852,0.99,
Higgs,3,LazyGBM[s=2.00],0.712475,0.1455228328704834,69.861825,0.3045413660961356,0.0,0.30138175,0.04431772232055664,,2.0
Higgs,3,LazyGBM[s=4.00],0.712475,0.15409278869628906,79.441225,0.28760412927502504,0.0,0.20558774999999996,0.04431772232055664,,4.0
Credit Card,3,LazyRF[t=0.900],0.999525,0.19295573234558105,10.01575,0.1349462199514404,2.5000000000052758e-05,0.8998425,0.026038646697998047,0.9,
Credit Card,3,LazyRF[t=0.970],0.99955,0.19643211364746094,10.0325,0.13255799275636732,0.0,0.899675,0.026038646697998047,0.97,
Credit Card,3,LazyRF[t=0.990],0.99955,0.19344425201416016,10.03675,0.1346054298687149,0.0,0.8996325000000001,0.026038646697998047,0.99,
Credit Card,3,LazyGBM[s=2.00],0.9993,0.08298540115356445,33.00155,0.20723655858371687,0.0,0.6699845,0.017197608947753906,,2.0
Credit Card,3,LazyGBM[s=4.00],0.9993,0.0860602855682373,33.0022,0.19983211575701665,0.0,0.669978,0.017197608947753906,,4.0
MNIST,4,LazyRF[t=0.900],0.9691,0.5358452796936035,15.591,0.07422742979081627,9.999999999998899e-05,0.84409,0.039774417877197266,0.9,
MNIST,4,LazyRF[t=0.970],0.9688,0.5727810859680176,18.988,0.06944087165514078,0.00039999999999995595,0.81012,0.039774417877197266,0.97,
MNIST,4,LazyRF[t=0.990],0.9692,0.6036639213562012,22.348,0.06588834692628212,0.0,0.77652,0.039774417877197266,0.99,
MNIST,4,LazyGBM[s=2.00],0.9418,2.247889995574951,81.0,0.07450064878906495,0.0040000000000000036,0.18999999999999995,0.16746926307678223,,2.0
MNIST,4,LazyGBM[s=4.00],0.9418,2.268665075302124,81.0,0.07381841634533907,0.0040000000000000036,0.18999999999999995,0.16746926307678223,,4.0
Covertype,4,LazyRF[t=0.900],0.923575,1.5667669773101807,16.64775,0.039649108871235884,0.001375000000000015,0.8335225,0.062120914459228516,0.9,
Covertype,4,LazyRF[t=0.970],0.9248,1.8416283130645752,21.61875,0.03373151575621454,0.0001500000000000945,0.7838125,0.062120914459228516,0.97,
Covertype,4,LazyRF[t=0.990],0.92495,2.1127336025238037,25.98075,0.029403098613578572,0.0,0.7401925,0.062120914459228516,0.99,
Covertype,4,LazyGBM[s=2.00],0.76445,0.8344802856445312,81.0,0.28396909313658264,0.005375000000000019,0.18999999999999995,0.23696660995483398,,2.0
Covertype,4,LazyGBM[s=4.00],0.76445,0.8682351112365723,81.0,0.2729290797942247,0.005375000000000019,0.18999999999999995,0.23696660995483398,,4.0
Higgs,4,LazyRF[t=0.900],0.717675,0.8960118293762207,33.3885,0.07142458009880404,0.0026250000000000995,0.666115,0.06399726867675781,0.9,
Higgs,4,LazyRF[t=0.970],0.72,1.2211251258850098,48.59875,0.05240844473687807,0.000300000000000078,0.5140125,0.06399726867675781,0.97,
Higgs,4,LazyRF[t=0.990],0.72005,1.3939690589904785,56.65825,0.04591010701708476,0.0002500000000000835,0.4334175,0.06399726867675781,0.99,
Higgs,4,LazyGBM[s=2.00],0.70905,0.14669585227966309,77.5283,0.3117049441967732,0.0,0.22471699999999994,0.04572582244873047,,2.0
Higgs,4,LazyGBM[s=4.00],0.70905,0.15549421310424805,85.639325,0.2940676796639016,0.0,0.14360675,0.04572582244873047,,4.0
Credit Card,4,LazyRF[t=0.900],0.99945,0.20010733604431152,10.01625,0.13607113453773392,0.0,0.8998375000000001,0.027228832244873047,0.9,
Credit Card,4,LazyRF[t=0.970],0.99945,0.19793486595153809,10.025,0.13756460800362322,0.0,0.89975,0.027228832244873047,0.97,
Credit Card,4,LazyRF[t=0.990],0.99945,0.19307446479797363,10.03225,0.14102761995670604,0.0,0.8996775,0.027228832244873047,0.99,
Credit Card,4,LazyGBM[s=2.00],0.998,0.06546378135681152,10.9909,0.26467813894200126,0.0,0.890091,0.017326831817626953,,2.0
Credit Card,4,LazyGBM[s=4.00],0.998,0.06881999969482422,10.9909,0.25177029779804055,0.0,0.890091,0.017326831817626953,,4.0
MNIST,5,LazyRF[t=0.900],0.9687,0.5356791019439697,15.518,0.07458604478100196,0.00029999999999996696,0.84482,0.039954185485839844,0.9,
MNIST,5,LazyRF[t=0.970],0.9689,0.5730373859405518,19.073,0.06972352322224362,9.999999999998899e-05,0.8092699999999999,0.039954185485839844,0.97,
MNIST,5,LazyRF[t=0.990],0.969,0.5934140682220459,22.404,0.06732935335616215,0.0,0.77596,0.039954185485839844,0.99,
MNIST,5,LazyGBM[s=2.00],0.9419,2.2171413898468018,81.0,0.07009844220546242,0.0040000000000000036,0.18999999999999995,0.15541815757751465,,2.0
MNIST,5,LazyGBM[s=4.00],0.9419,2.2436928749084473,81.0,0.06926890900068326,0.0040000000000000036,0.18999999999999995,0.15541815757751465,,4.0
Covertype,5,LazyRF[t=0.900],0.926675,1.5746815204620361,16.409,0.04036251192901775,0.0005999999999999339,0.83591,0.06355810165405273,0.9,
Covertype,5,LazyRF[t=0.970],0.927175,1.826723337173462,21.3685,0.034793501763872955,9.999999999998899e-05,0.786315,0.06355810165405273,0.97,
Covertype,5,LazyRF[t=0.990],0.927225,2.1029205322265625,25.60275,0.03022372965599309,4.999999999999449e-05,0.7439724999999999,0.06355810165405273,0.99,
Covertype,5,LazyGBM[s=2.00],0.768375,0.8441264629364014,80.9998,0.28076388714322714,0.004874999999999963,0.19000200000000012,0.2370002269744873,,2.0
Covertype,5,LazyGBM[s=4.00],0.768375,0.8609116077423096,80.99995,0.2752898495537847,0.004874999999999963,0.19000050000000002,0.2370002269744873,,4.0
Higgs,5,LazyRF[t=0.900],0.7194,0.8829286098480225,32.77575,0.07861347441221558,0.0036999999999999256,0.6722425,0.06941008567810059,0.9,
Higgs,5,LazyRF[t=0.970],0.723175,1.2116026878356934,48.106,0.057287827416501534,-7.500000000004725e-05,0.51894,0.06941008567810059,0.97,
Higgs,5,LazyRF[t=0.990],0.723125,1.4005053043365479,56.30975,0.04956074458495662,-2.5000000000052758e-05,0.43690249999999997,0.06941008567810059,0.99,
Higgs,5,LazyGBM[s=2.00],0.712025,0.15305042266845703,86.486475,0.288922640745241,0.0,0.13513525000000004,0.0442197322845459,,2.0
Higgs,5,LazyGBM[s=4.00],0.712025,0.16028189659118652,91.527425,0.27588725380092255,0.0,0.08472575000000004,0.0442197322845459,,4.0
Credit Card,5,LazyRF[t=0.900],0.999475,0.1931440830230713,10.01925,0.14373568858357869,-2.5000000000052758e-05,0.8998075,0.02776169776916504,0.9,
Credit Card,5,LazyRF[t=0.970],0.999475,0.20906376838684082,10.03425,0.13279057382050163,-2.5000000000052758e-05,0.8996575,0.02776169776916504,0.97,
Credit Card,5,LazyRF[t=0.990],0.999475,0.19584321975708008,10.0425,0.14175470462342316,-2.5000000000052758e-05,0.899575,0.02776169776916504,0.99,
Credit Card,5,LazyGBM[s=2.00],0.9985,0.06510186195373535,9.98625,0.26812716758771976,0.0,0.9001375,0.017455577850341797,,2.0
Credit Card,5,LazyGBM[s=4.00],0.9985,0.06854963302612305,9.98625,0.25464144853539605,0.0,0.9001375,0.017455577850341797,,4.0
MNIST,6,LazyRF[t=0.900],0.9679,0.5384914875030518,15.416,0.07432490169782391,0.00019999999999997797,0.84584,0.0400233268737793,0.9,
MNIST,6,LazyRF[t=0.970],0.9682,0.5678586959838867,18.971,0.0704811375732018,-9.999999999998899e-05,0.81029,0.0400233268737793,0.97,
MNIST,6,LazyRF[t=0.990],0.9681,0.5932173728942871,22.231,0.06746823121262761,0.0,0.77769,0.0400233268737793,0.99,
MNIST,6,LazyGBM[s=2.00],0.9418,2.229450225830078,81.0,0.07185077262390985,0.0040000000000000036,0.18999999999999995,0.1601877212524414,,2.0
MNIST,6,LazyGBM[s=4.00],0.9418,2.2592456340789795,81.0,0.07090318947003064,0.0040000000000000036,0.18999999999999995,0.1601877212524414,,4.0
Covertype,6,LazyRF[t=0.900],0.9277,1.5428099632263184,16.3105,0.038803501275070644,0.0006500000000000394,0.836895,0.05986642837524414,0.9,
Covertype,6,LazyRF[t=0.970],0.92815,1.7979235649108887,21.05175,0.03329753808427965,0.00019999999999997797,0.7894825,0.05986642837524414,0.97,
Covertype,6,LazyRF[t=0.990],0.928325,2.057487726211548,25.17075,0.029096858082102,2.5000000000052758e-05,0.7482925,0.05986642837524414,0.99,
Covertype,6,LazyGBM[s=2.00],0.7683,0.8391339778900146,81.0,0.28169473485921487,0.0038249999999999673,0.18999999999999995,0.23637962341308594,,2.0
Covertype,6,LazyGBM[s=4.00],0.7683,0.8666107654571533,81.0,0.2727633129371423,0.0038249999999999673,0.18999999999999995,0.23637962341308594,,4.0
Higgs,6,LazyRF[t=0.900],0.719525,0.8896839618682861,33.29425,0.06591533669828398,0.002475000000000005,0.6670575000000001,0.05864381790161133,0.9,
Higgs,6,LazyRF[t=0.970],0.721775,1.267754316329956,48.7935,0.04625803055546309,0.0002249999999999197,0.512065,0.05864381790161133,0.97,
Higgs,6,LazyRF[t=0.990],0.721925,1.4896628856658936,56.79475,0.03936717391961939,7.499999999993623e-05,0.43205249999999995,0.05864381790161133,0.99,
Higgs,6,LazyGBM[s=2.00],0.712825,0.14364075660705566,71.362075,0.3121567273554168,0.0,0.28637925,0.04483842849731445,,2.0
Higgs,6,LazyGBM[s=4.00],0.712825,0.15349102020263672,80.45115,0.2921241153920235,0.0,0.19548850000000006,0.04483842849731445,,4.0
Credit Card,6,LazyRF[t=0.900],0.99955,0.20305204391479492,10.01525,0.13250327007662666,0.0,0.8998475,0.026905059814453125,0.9,
Credit Card,6,LazyRF[t=0.970],0.99955,0.18763494491577148,10.0305,0.1433904533429564,0.0,0.899695,0.026905059814453125,0.97,
Credit Card,6,LazyRF[t=0.990],0.99955,0.18911004066467285,10.03675,0.14227197942472436,0.0,0.8996325000000001,0.026905059814453125,0.99,
Credit Card,6,LazyGBM[s=2.00],0.998775,0.0655512809753418,10.00315,0.26551781830349674,0.0,0.8999685,0.017405033111572266,,2.0
Credit Card,6,LazyGBM[s=4.00],0.998775,0.06963133811950684,10.019125,0.2499597678519457,0.0,0.89980875,0.017405033111572266,,4.0
MNIST,7,LazyRF[t=0.900],0.9697,0.5353853702545166,15.341,0.0739932729744666,0.0008000000000000229,0.84659,0.03961491584777832,0.9,
MNIST,7,LazyRF[t=0.970],0.9707,0.5749197006225586,18.905,0.06890512849860744,-0.00019999999999997797,0.81095,0.03961491584777832,0.97,
MNIST,7,LazyRF[t=0.990],0.9706,0.5910537242889404,22.09,0.06702422169056887,-9.999999999998899e-05,0.7791,0.03961491584777832,0.99,
MNIST,7,LazyGBM[s=2.00],0.9419,2.277312994003296,81.0,0.07100944822321957,0.0040000000000000036,0.18999999999999995,0.1617107391357422,,2.0
MNIST,7,LazyGBM[s=4.00],0.9419,2.295574903488159,81.0,0.07044454915847895,0.0040000000000000036,0.18999999999999995,0.1617107391357422,,4.0
Covertype,7,LazyRF[t=0.900],0.9273,1.5729424953460693,16.36025,0.038133967643915426,0.0009749999999999481,0.8363975,0.0599825382232666,0.9,
Covertype,7,LazyRF[t=0.970],0.92825,1.8361408710479736,21.36775,0.03266772128928849,2.4999999999941735e-05,0.7863225,0.0599825382232666,0.97,
Covertype,7,LazyRF[t=0.990],0.9283,2.083087682723999,25.5825,0.02879501363323747,-2.5000000000052758e-05,0.744175,0.0599825382232666,0.99,
Covertype,7,LazyGBM[s=2.00],0.76845,0.8362667560577393,80.997875,0.28274266106010537,0.004674999999999985,0.19002125000000003,0.2364482879638672,,2.0
Covertype,7,LazyGBM[s=4.00],0.76845,0.8673720359802246,80.9994,0.2726030793656553,0.004674999999999985,0.190006,0.2364482879638672,,4.0
Higgs,7,LazyRF[t=0.900],0.721575,0.8555357456207275,32.9355,0.07139077081365754,0.0016500000000000403,0.670645,0.06107735633850098,0.9,
Higgs,7,LazyRF[t=0.970],0.7228,1.2337629795074463,48.153,0.049504935188511505,0.0004250000000000087,0.51847,0.06107735633850098,0.97,
Higgs,7,LazyRF[t=0.990],0.723125,1.4242055416107178,56.3695,0.04288521182793953,9.999999999998899e-05,0.43630499999999994,0.06107735633850098,0.99,
Higgs,7,LazyGBM[s=2.00],0.714175,0.14591741561889648,73.794175,0.3079170356621167,0.0,0.26205825000000005,0.044930458068847656,,2.0
Higgs,7,LazyGBM[s=4.00],0.714175,0.15574359893798828,83.405425,0.2884899178857258,0.0,0.16594575000000011,0.044930458068847656,,4.0
Credit Card,7,LazyRF[t=0.900],0.9995,0.19138145446777344,10.0205,0.14212071079042046,4.999999999999449e-05,0.899795,0.027199268341064453,0.9,
Credit Card,7,LazyRF[t=0.970],0.9995,0.189591646194458,10.03425,0.1434623776258952,4.999999999999449e-05,0.8996575,0.027199268341064453,0.97,
Credit Card,7,LazyRF[t=0.990],0.99955,0.19571900367736816,10.04375,0.1389710136982964,0.0,0.8995625,0.027199268341064453,0.99,
Credit Card,7,LazyGBM[s=2.00],0.998275,0.06624698638916016,11.993325,0.2601274022889225,0.0,0.88006675,0.017232656478881836,,2.0
Credit Card,7,LazyGBM[s=4.00],0.998275,0.07074618339538574,11.99455,0.24358425644775908,0.0,0.8800545,0.017232656478881836,,4.0
MNIST,8,LazyRF[t=0.900],0.9689,0.5351498126983643,15.466,0.07405168269712699,9.999999999998899e-05,0.84534,0.03962874412536621,0.9,
MNIST,8,LazyRF[t=0.970],0.9691,0.5692687034606934,18.867,0.06961342488082604,-9.999999999998899e-05,0.81133,0.03962874412536621,0.97,
MNIST,8,LazyRF[t=0.990],0.969,0.589484453201294,22.155,0.06722610564223651,0.0,0.77845,0.03962874412536621,0.99,
MNIST,8,LazyGBM[s=2.00],0.9418,2.223073720932007,81.0,0.06965538343203478,0.0040000000000000036,0.18999999999999995,0.15484905242919922,,2.0
MNIST,8,LazyGBM[s=4.00],0.9418,2.2386345863342285,81.0,0.06917120524022861,0.0040000000000000036,0.18999999999999995,0.15484905242919922,,4.0
Covertype,8,LazyRF[t=0.900],0.9275,1.5693881511688232,16.43525,0.03823385402274002,-7.499999999993623e-05,0.8356475,0.06000375747680664,0.9,
Covertype,8,LazyRF[t=0.970],0.927425,1.8296864032745361,21.4145,0.032794558329459995,0.0,0.785855,0.06000375747680664,0.97,
Covertype,8,LazyRF[t=0.990],0.927525,2.0859854221343994,25.587,0.02876518543231728,-9.999999999998899e-05,0.74413,0.06000375747680664,0.99,
Covertype,8,LazyGBM[s=2.00],0.767925,0.8502771854400635,80.99905,0.2806822492983666,0.0043000000000000815,0.19000950000000005,0.23865771293640137,,2.0
Covertype,8,LazyGBM[s=4.00],0.767925,0.8699591159820557,80.99995,0.2743321019942322,0.0043000000000000815,0.19000050000000002,0.23865771293640137,,4.0
Higgs,8,LazyRF[t=0.900],0.71955,0.8804194927215576,32.94775,0.06861125335691831,0.003574999999999995,0.6705225,0.06040668487548828,0.9,
Higgs,8,LazyRF[t=0.970],0.722625,1.2375679016113281,48.369,0.048810804479364776,0.000500000000000056,0.51631,0.06040668487548828,0.97,
Higgs,8,LazyRF[t=0.990],0.72295,1.4333226680755615,56.61725,0.04214451234249494,0.00017500000000003624,0.43382750000000003,0.06040668487548828,0.99,
Higgs,8,LazyGBM[s=2.00],0.713,0.1421341896057129,68.80105,0.30823579142302154,0.0,0.3119894999999999,0.04381084442138672,,2.0
Higgs,8,LazyGBM[s=4.00],0.713,0.15573668479919434,78.7149,0.28131358053419514,0.0,0.212851,0.04381084442138672,,4.0
Credit Card,8,LazyRF[t=0.900],0.999475,0.20337748527526855,10.01775,0.13277305407683462,0.0,0.8998225,0.027003049850463867,0.9,
Credit Card,8,LazyRF[t=0.970],0.999475,0.18993425369262695,10.03225,0.14217051071874193,0.0,0.8996775,0.027003049850463867,0.97,
Credit Card,8,LazyRF[t=0.990],0.999475,0.19460129737854004,10.04125,0.13876089324285085,0.0,0.8995875,0.027003049850463867,0.99,
Credit Card,8,LazyGBM[s=2.00],0.999225,0.1118476390838623,73.916125,0.15479735591731805,0.0,0.26083875,0.017313718795776367,,2.0
Credit Card,8,LazyGBM[s=4.00],0.999225,0.11625146865844727,73.917025,0.1489333338802364,0.0,0.2608297500000001,0.017313718795776367,,4.0
MNIST,9,LazyRF[t=0.900],0.9693,0.5327448844909668,15.555,0.07381850208593087,0.0007999999999999119,0.84445,0.03932642936706543,0.9,
MNIST,9,LazyRF[t=0.970],0.97,0.5660102367401123,19.087,0.06948006734571206,9.999999999998899e-05,0.80913,0.03932642936706543,0.97,
MNIST,9,LazyRF[t=0.990],0.9701,0.5950484275817871,22.393,0.06608946019214573,0.0,0.77607,0.03932642936706543,0.99,
MNIST,9,LazyGBM[s=2.00],0.9419,2.2229998111724854,81.0,0.07023320728143058,0.0040000000000000036,0.18999999999999995,0.1561284065246582,,2.0
MNIST,9,LazyGBM[s=4.00],0.9419,2.408316135406494,81.0,0.06482886703672135,0.0040000000000000036,0.18999999999999995,0.1561284065246582,,4.0
Covertype,9,LazyRF[t=0.900],0.926625,1.5735106468200684,16.58575,0.03796852683921984,0.0009249999999999536,0.8341425,0.05974388122558594,0.9,
Covertype,9,LazyRF[t=0.970],0.927325,1.827061653137207,21.48325,0.032699433608603765,0.00022500000000003073,0.7851675,0.05974388122558594,0.97,
Covertype,9,LazyRF[t=0.990],0.9274,2.0810422897338867,25.75125,0.028708633899614644,0.00014999999999998348,0.7424875,0.05974388122558594,0.99,
Covertype,9,LazyGBM[s=2.00],0.76565,0.8503322601318359,80.99785,0.27995862670725113,0.0038999999999999035,0.19002149999999995,0.23805785179138184,,2.0
Covertype,9,LazyGBM[s=4.00],0.76565,0.8736035823822021,80.99905,0.272501002276375,0.0038999999999999035,0.19000950000000005,0.23805785179138184,,4.0
Higgs,9,LazyRF[t=0.900],0.718875,0.865426778793335,32.9535,0.07347687777748085,0.0038249999999999673,0.6704650000000001,0.06358885765075684,0.9,
Higgs,9,LazyRF[t=0.970],0.72305,1.2137887477874756,48.22425,0.0523887354917964,-0.00034999999999996145,0.5177575000000001,0.06358885765075684,0.97,
Higgs,9,LazyRF[t=0.990],0.72255,1.4223740100860596,56.2875,0.04470614423481307,0.00014999999999998348,0.437125,0.06358885765075684,0.99,
Higgs,9,LazyGBM[s=2.00],0.7102,0.15218639373779297,79.197075,0.29395315173049086,0.0,0.20802925000000005,0.04473567008972168,,2.0
Higgs,9,LazyGBM[s=4.00],0.7102,0.1586921215057373,87.06905,0.28190227507988996,0.0,0.12930949999999997,0.04473567008972168,,4.0
Credit Card,9,LazyRF[t=0.900],0.9995,0.20379257202148438,10.0215,0.13191649664002397,7.499999999993623e-05,0.8997850000000001,0.026883602142333984,0.9,
Credit Card,9,LazyRF[t=0.970],0.999575,0.19182825088500977,10.03975,0.1401441238102577,0.0,0.8996025,0.026883602142333984,0.97,
Credit Card,9,LazyRF[t=0.990],0.999575,0.19158387184143066,10.0465,0.14032288774592097,0.0,0.899535,0.026883602142333984,0.99,
Credit Card,9,LazyGBM[s=2.00],0.99885,0.0641484260559082,7.9921,0.2671245605036832,0.0,0.920079,0.0171356201171875,,2.0
Credit Card,9,LazyGBM[s=4.00],0.99885,0.06829595565795898,7.9921,0.2509024136510574,0.0,0.920079,0.0171356201171875,,4.0
MNIST,10,LazyRF[t=0.900],0.9701,0.5363481044769287,15.511,0.07407338259527109,-9.999999999998899e-05,0.84489,0.03972911834716797,0.9,
MNIST,10,LazyRF[t=0.970],0.9702,0.5671470165252686,19.121,0.07005082842642069,-0.00019999999999997797,0.80879,0.03972911834716797,0.97,
MNIST,10,LazyRF[t=0.990],0.97,0.5920379161834717,22.387,0.0671056992485866,0.0,0.77613,0.03972911834716797,0.99,
MNIST,10,LazyGBM[s=2.00],0.9419,2.116495370864868,81.0,0.0792929096649009,0.0040000000000000036,0.18999999999999995,0.16782307624816895,,2.0
MNIST,10,LazyGBM[s=4.00],0.9419,2.12310528755188,81.0,0.07904604506999423,0.0040000000000000036,0.18999999999999995,0.16782307624816895,,4.0
Covertype,10,LazyRF[t=0.900],0.927075,1.545180320739746,16.3605,0.03807015508205888,0.0006000000000000449,0.836395,0.05882525444030762,0.9,
Covertype,10,LazyRF[t=0.970],0.92755,1.8189852237701416,21.36375,0.03233959994374377,0.00012500000000004174,0.7863625,0.05882525444030762,0.97,
Covertype,10,LazyRF[t=0.990],0.927725,2.0682244300842285,25.541,0.028442394154444814,-4.999999999999449e-05,0.74459,0.05882525444030762,0.99,
Covertype,10,LazyGBM[s=2.00],0.769175,0.8456995487213135,81.0,0.2813250520633494,0.005799999999999916,0.18999999999999995,0.2379164695739746,,2.0
Covertype,10,LazyGBM[s=4.00],0.769175,0.8637979030609131,81.0,0.27543070981175705,0.005799999999999916,0.18999999999999995,0.2379164695739746,,4.0
Higgs,10,LazyRF[t=0.900],0.72145,0.8702340126037598,32.8165,0.0707227838924983,0.0026249999999999885,0.671835,0.061545372009277344,0.9,
Higgs,10,LazyRF[t=0.970],0.7237,1.200465202331543,48.176,0.05126793503863665,0.0003750000000000142,0.51824,0.061545372009277344,0.97,
Higgs,10,LazyRF[t=0.990],0.723775,1.4207041263580322,56.3535,0.0433203302978,0.000300000000000078,0.436465,0.061545372009277344,0.99,
Higgs,10,LazyGBM[s=2.00],0.71505,0.14820623397827148,72.56715,0.2999491652483342,0.0,0.2743285,0.044454336166381836,,2.0
Higgs,10,LazyGBM[s=4.00],0.71505,0.15368247032165527,81.957225,0.2892609422098664,0.0,0.1804277500000001,0.044454336166381836,,4.0
Credit Card,10,LazyRF[t=0.900],0.999525,0.1979823112487793,10.01775,0.13706921259444266,-2.4999999999941735e-05,0.8998225,0.027137279510498047,0.9,
Credit Card,10,LazyRF[t=0.970],0.9995,0.19208192825317383,10.03075,0.14127971203376155,0.0,0.8996925,0.027137279510498047,0.97,
Credit Card,10,LazyRF[t=0.990],0.9995,0.1962740421295166,10.03525,0.13826219308506826,0.0,0.8996475,0.027137279510498047,0.99,
Credit Card,10,LazyGBM[s=2.00],0.99915,0.06960248947143555,9.996275,0.24717230606918003,0.0,0.90003725,0.017203807830810547,,2.0
Credit Card,10,LazyGBM[s=4.00],0.99915,0.07468771934509277,10.00755,0.23034319405738948,0.0,0.8999245,0.017203807830810547,,4.0
MNIST,11,LazyRF[t=0.900],0.9687,0.5317883491516113,15.195,0.07330343844962658,0.0010000000000000009,0.84805,0.03898191452026367,0.9,
MNIST,11,LazyRF[t=0.970],0.9696,0.5606162548065186,18.931,0.06953404255771574,9.999999999998899e-05,0.81069,0.03898191452026367,0.97,
MNIST,11,LazyRF[t=0.990],0.9698,0.5915513038635254,22.307,0.06589777465735591,-9.999999999998899e-05,0.77693,0.03898191452026367,0.99,
MNIST,11,LazyGBM[s=2.00],0.9419,2.160564661026001,81.0,0.07617612541953737,0.0040000000000000036,0.18999999999999995,0.16458344459533691,,2.0
MNIST,11,LazyGBM[s=4.00],0.9419,2.1743993759155273,81.0,0.07569145135816613,0.0040000000000000036,0.18999999999999995,0.16458344459533691,,4.0
Covertype,11,LazyRF[t=0.900],0.926675,1.5676493644714355,16.55575,0.03808767431794449,0.001475000000000004,0.8344425,0.0597081184387207,0.9,
Covertype,11,LazyRF[t=0.970],0.9279,1.8744611740112305,21.57875,0.03185348369256912,0.0002500000000000835,0.7842125,0.0597081184387207,0.97,
Covertype,11,LazyRF[t=0.990],0.928175,2.098088502883911,25.8005,0.02845834117895855,-2.4999999999941735e-05,0.741995,0.0597081184387207,0.99,
Covertype,11,LazyGBM[s=2.00],0.767375,0.8490912914276123,80.995275,0.28138931701965575,0.004274999999999918,0.1900472499999999,0.23892521858215332,,2.0
Covertype,11,LazyGBM[s=4.00],0.767375,0.8548049926757812,80.999425,0.27950845003168484,0.004274999999999918,0.19000574999999997,0.23892521858215332,,4.0
Higgs,11,LazyRF[t=0.900],0.721075,0.9123942852020264,33.2045,0.07472133151495783,0.002475000000000005,0.667955,0.0681753158569336,0.9,
Higgs,11,LazyRF[t=0.970],0.72325,1.2458953857421875,48.5065,0.05471993606936841,0.000300000000000078,0.5149349999999999,0.0681753158569336,0.97,
Higgs,11,LazyRF[t=0.990],0.723325,1.4195961952209473,56.68475,0.048024442504456505,0.00022500000000003073,0.43315249999999994,0.0681753158569336,0.99,
Higgs,11,LazyGBM[s=2.00],0.713025,0.15195751190185547,85.279425,0.294504170353774,0.0,0.1472057499999999,0.04475212097167969,,2.0
Higgs,11,LazyGBM[s=4.00],0.713025,0.159043550491333,90.71645,0.28138280888113365,0.0,0.09283550000000007,0.04475212097167969,,4.0
Credit Card,11,LazyRF[t=0.900],0.9996,0.19443750381469727,10.01675,0.13754613564185253,0.0,0.8998325,0.02674412727355957,0.9,
Credit Card,11,LazyRF[t=0.970],0.9996,0.1910092830657959,10.034,0.14001480370117494,0.0,0.89966,0.02674412727355957,0.97,
Credit Card,11,LazyRF[t=0.990],0.9996,0.18982529640197754,10.03775,0.14088811017539893,0.0,0.8996225,0.02674412727355957,0.99,
Credit Card,11,LazyGBM[s=2.00],0.9991,0.0776054859161377,24.98105,0.2295415375067972,0.0,0.7501895000000001,0.017813682556152344,,2.0
Credit Card,11,LazyGBM[s=4.00],0.9991,0.08148646354675293,24.98365,0.21860910120282404,0.0,0.7501635,0.017813682556152344,,4.0
MNIST,12,LazyRF[t=0.900],0.9692,0.5386052131652832,15.473,0.07349648572822316,0.0006000000000000449,0.84527,0.03958559036254883,0.9,
MNIST,12,LazyRF[t=0.970],0.9699,0.5663411617279053,18.919,0.06989707448028906,-9.999999999998899e-05,0.81081,0.03958559036254883,0.97,
MNIST,12,LazyRF[t=0.990],0.9699,0.5917539596557617,22.248,0.0668953535783297,-9.999999999998899e-05,0.77752,0.03958559036254883,0.99,
MNIST,12,LazyGBM[s=2.00],0.9419,2.140742540359497,81.0,0.07161057699000715,0.0040000000000000036,0.18999999999999995,0.15329980850219727,,2.0
MNIST,12,LazyGBM[s=4.00],0.9419,2.142390251159668,81.0,0.0715555013467862,0.0040000000000000036,0.18999999999999995,0.15329980850219727,,4.0
Covertype,12,LazyRF[t=0.900],0.9225,1.5757122039794922,16.599,0.037781872520810965,0.0009000000000000119,0.83401,0.05953335762023926,0.9,
Covertype,12,LazyRF[t=0.970],0.923325,1.867666244506836,21.597,0.03187580104065074,7.500000000004725e-05,0.78403,0.05953335762023926,0.97,
Covertype,12,LazyRF[t=0.990],0.92335,2.108088731765747,25.9145,0.02824044202844051,4.999999999999449e-05,0.740855,0.05953335762023926,0.99,
Covertype,12,LazyGBM[s=2.00],0.762675,0.8440084457397461,80.9994,0.28185059553201275,0.0049000000000000155,0.190006,0.2378842830657959,,2.0
Covertype,12,LazyGBM[s=4.00],0.762675,0.8477206230163574,81.0,0.28061636889209635,0.0049000000000000155,0.18999999999999995,0.2378842830657959,,4.0
Higgs,12,LazyRF[t=0.900],0.719575,0.8502511978149414,32.754,0.06930603116135552,0.0021250000000000435,0.6724600000000001,0.05892753601074219,0.9,
Higgs,12,LazyRF[t=0.970],0.721425,1.2134156227111816,48.041,0.048563356946961095,0.0002750000000000252,0.51959,0.05892753601074219,0.97,
Higgs,12,LazyRF[t=0.990],0.721575,1.4259264469146729,56.20025,0.041325789375914704,0.00012500000000004174,0.43799750000000004,0.05892753601074219,0.99,
Higgs,12,LazyGBM[s=2.00],0.7125,0.14892125129699707,79.299475,0.29964090224312023,0.0,0.20700525000000003,0.04462289810180664,,2.0
Higgs,12,LazyGBM[s=4.00],0.7125,0.1562032699584961,86.860975,0.28567198441916836,0.0,0.13139025000000004,0.04462289810180664,,4.0
Credit Card,12,LazyRF[t=0.900],0.999475,0.18941879272460938,10.01625,0.1408820863961333,0.0,0.8998375000000001,0.026685714721679688,0.9,
Credit Card,12,LazyRF[t=0.970],0.999475,0.19146466255187988,10.024,0.1393767098638833,0.0,0.89976,0.026685714721679688,0.97,
Credit Card,12,LazyRF[t=0.990],0.999475,0.19113779067993164,10.0295,0.1396150631790343,0.0,0.899705,0.026685714721679688,0.99,
Credit Card,12,LazyGBM[s=2.00],0.998775,0.06467270851135254,9.98755,0.27231739641741964,0.0,0.9001245,0.01761150360107422,,2.0
Credit Card,12,LazyGBM[s=4.00],0.998775,0.06947779655456543,9.98755,0.2534839110397343,0.0,0.9001245,0.01761150360107422,,4.0
MNIST,13,LazyRF[t=0.900],0.9674,0.540766716003418,15.513,0.0738032043877362,0.0006999999999999229,0.84487,0.039910316467285156,0.9,
MNIST,13,LazyRF[t=0.970],0.9677,0.5713491439819336,18.939,0.06985276321433877,0.00039999999999995595,0.81061,0.039910316467285156,0.97,
MNIST,13,LazyRF[t=0.990],0.9679,0.6077589988708496,22.339,0.06566799758034715,0.00019999999999997797,0.77661,0.039910316467285156,0.99,
MNIST,13,LazyGBM[s=2.00],0.9418,2.2486777305603027,81.0,0.06869718706337118,0.0040000000000000036,0.18999999999999995,0.15447783470153809,,2.0
MNIST,13,LazyGBM[s=4.00],0.9418,2.2521519660949707,81.0,0.06859121277210649,0.0040000000000000036,0.18999999999999995,0.15447783470153809,,4.0
Covertype,13,LazyRF[t=0.900],0.926075,1.594548225402832,16.667,0.037815078304191674,0.0014000000000000679,0.83333,0.06029796600341797,0.9,
Covertype,13,LazyRF[t=0.970],0.92715,1.8405961990356445,21.66875,0.03276001875642809,0.0003250000000000197,0.7833125,0.06029796600341797,0.97,
Covertype,13,LazyRF[t=0.990],0.927275,2.0900840759277344,25.87125,0.028849540885886735,0.000200000000000089,0.7412875,0.06029796600341797,0.99,
Covertype,13,LazyGBM[s=2.00],0.766925,0.8477194309234619,81.0,0.28164669015829424,0.005149999999999988,0.18999999999999995,0.23875737190246582,,2.0
Covertype,13,LazyGBM[s=4.00],0.766925,0.8517093658447266,81.0,0.2803272823772061,0.005149999999999988,0.18999999999999995,0.23875737190246582,,4.0
Higgs,13,LazyRF[t=0.900],0.71405,0.8543686866760254,33.216,0.07124690454702995,0.0026000000000000467,0.66784,0.060871124267578125,0.9,
Higgs,13,LazyRF[t=0.970],0.716725,1.2524538040161133,48.35525,0.048601492583909306,-7.499999999993623e-05,0.5164475,0.060871124267578125,0.97,
Higgs,13,LazyRF[t=0.990],0.716575,1.4398458003997803,56.48575,0.04227614113308311,7.500000000004725e-05,0.4351425,0.060871124267578125,0.99,
Higgs,13,LazyGBM[s=2.00],0.7092,0.14708828926086426,72.6979,0.3047154229065393,0.0,0.27302099999999996,0.04482007026672363,,2.0
Higgs,13,LazyGBM[s=4.00],0.7092,0.15605854988098145,82.43685,0.28720035077159056,0.0,0.17563149999999994,0.04482007026672363,,4.0
Credit Card,13,LazyRF[t=0.900],0.999675,0.19548583030700684,10.014,0.19888843762920358,2.5000000000052758e-05,0.89986,0.0388798713684082,0.9,
Credit Card,13,LazyRF[t=0.970],0.9997,0.19130992889404297,10.028,0.2032297622667657,0.0,0.89972,0.0388798713684082,0.97,
Credit Card,13,LazyRF[t=0.990],0.9997,0.19219303131103516,10.03375,0.2022959474815039,0.0,0.8996625,0.0388798713684082,0.99,
Credit Card,13,LazyGBM[s=2.00],0.998975,0.0839848518371582,34.001925,0.20523025736817901,0.0,0.65998075,0.01723623275756836,,2.0
Credit Card,13,LazyGBM[s=4.00],0.998975,0.08687686920166016,34.00955,0.19839841048552642,0.0,0.6599045,0.01723623275756836,,4.0
MNIST,14,LazyRF[t=0.900],0.9699,0.5379383563995361,15.431,0.07457772250481656,0.00029999999999996696,0.84569,0.04011821746826172,0.9,
MNIST,14,LazyRF[t=0.970],0.9702,0.5710737705230713,19.075,0.07025049921574178,0.0,0.80925,0.04011821746826172,0.97,
MNIST,14,LazyRF[t=0.990],0.9701,0.5937252044677734,22.439,0.06757034595528827,9.999999999998899e-05,0.77561,0.04011821746826172,0.99,
MNIST,14,LazyGBM[s=2.00],0.9418,2.218240261077881,81.0,0.07076836199241314,0.0040000000000000036,0.18999999999999995,0.1569812297821045,,2.0
MNIST,14,LazyGBM[s=4.00],0.9418,2.2269978523254395,81.0,0.07049006788137856,0.0040000000000000036,0.18999999999999995,0.1569812297821045,,4.0
Covertype,14,LazyRF[t=0.900],0.924625,1.5744874477386475,16.61925,0.03944757316116785,0.0008749999999999591,0.8338075,0.06210970878601074,0.9,
Covertype,14,LazyRF[t=0.970],0.925275,1.8202149868011475,21.47525,0.034122182948928784,0.00022500000000003073,0.7852475,0.06210970878601074,0.97,
Covertype,14,LazyRF[t=0.990],0.92535,2.083820343017578,25.7415,0.0298056927000097,0.00014999999999998348,0.742585,0.06210970878601074,0.99,
Covertype,14,LazyGBM[s=2.00],0.76615,0.8589811325073242,80.987425,0.2781570477413854,0.004225000000000034,0.19012574999999998,0.23893165588378906,,2.0
Covertype,14,LazyGBM[s=4.00],0.76615,0.8595974445343018,80.999075,0.2779576153966272,0.004225000000000034,0.1900092499999999,0.23893165588378906,,4.0
Higgs,14,LazyRF[t=0.900],0.72135,0.8703649044036865,33.05825,0.07004211665285606,0.0007499999999999174,0.6694175,0.06096220016479492,0.9,
Higgs,14,LazyRF[t=0.970],0.721675,1.2553975582122803,48.52775,0.04856007546454585,0.0004250000000000087,0.5147225,0.06096220016479492,0.97,
Higgs,14,LazyRF[t=0.990],0.722025,1.4482264518737793,56.6215,0.04209438384854754,7.499999999993623e-05,0.433785,0.06096220016479492,0.99,
Higgs,14,LazyGBM[s=2.00],0.712175,0.14301586151123047,68.52315,0.3143908830844942,0.0,0.3147685,0.04496288299560547,,2.0
Higgs,14,LazyGBM[s=4.00],0.712175,0.15035724639892578,78.30505,0.29904034605894925,0.0,0.21694950000000002,0.04496288299560547,,4.0
Credit Card,14,LazyRF[t=0.900],0.99965,0.19637465476989746,10.0075,0.19619865113427346,0.0,0.899925,0.0385284423828125,0.9,
Credit Card,14,LazyRF[t=0.970],0.99965,0.19295454025268555,10.02475,0.19967626743769384,0.0,0.8997525,0.0385284423828125,0.97,
Credit Card,14,LazyRF[t=0.990],0.99965,0.19138431549072266,10.0315,0.20131452404562464,0.0,0.8996850000000001,0.0385284423828125,0.99,
Credit Card,14,LazyGBM[s=2.00],0.9992,0.06242084503173828,5.999475,0.2817479718271126,0.0,0.94000525,0.017586946487426758,,2.0
Credit Card,14,LazyGBM[s=4.00],0.9992,0.07062673568725586,5.999475,0.2490125915673632,0.0,0.94000525,0.017586946487426758,,4.0
MNIST,15,LazyRF[t=0.900],0.9694,0.5343351364135742,15.471,0.07449343287684436,0.00029999999999996696,0.84529,0.03980445861816406,0.9,
MNIST,15,LazyRF[t=0.970],0.9697,0.5565390586853027,18.876,0.07152141075631432,0.0,0.81124,0.03980445861816406,0.97,
MNIST,15,LazyRF[t=0.990],0.9696,0.5817868709564209,22.096,0.06841759518004943,9.999999999998899e-05,0.77904,0.03980445861816406,0.99,
MNIST,15,LazyGBM[s=2.00],0.9418,2.13962721824646,81.0,0.08049366147377045,0.0040000000000000036,0.18999999999999995,0.1722264289855957,,2.0
MNIST,15,LazyGBM[s=4.00],0.9418,2.1499176025390625,81.0,0.08010838591311384,0.0040000000000000036,0.18999999999999995,0.1722264289855957,,4.0
Covertype,15,LazyRF[t=0.900],0.92655,1.5683250427246094,16.66975,0.038380780148226705,0.001375000000000015,0.8333025000000001,0.060193538665771484,0.9,
Covertype,15,LazyRF[t=0.970],0.92785,1.826308012008667,21.59275,0.032959138474986785,7.500000000004725e-05,0.7840725,0.060193538665771484,0.97,
Covertype,15,LazyRF[t=0.990],0.92785,2.099010467529297,25.84225,0.028677102661914828,7.500000000004725e-05,0.7415775,0.060193538665771484,0.99,
Covertype,15,LazyGBM[s=2.00],0.766375,0.8452150821685791,80.99805,0.28175061331323414,0.00462499999999999,0.1900194999999999,0.23813986778259277,,2.0
Covertype,15,LazyGBM[s=4.00],0.766375,0.8527777194976807,80.99805,0.2792519813051242,0.00462499999999999,0.1900194999999999,0.23813986778259277,,4.0
Higgs,15,LazyRF[t=0.900],0.718425,0.8710324764251709,33.06775,0.06818927703835495,0.00307500000000005,0.6693225,0.05939507484436035,0.9,
Higgs,15,LazyRF[t=0.970],0.721325,1.261854648590088,48.57825,0.047069664410813436,0.00017500000000003624,0.5142175,0.05939507484436035,0.97,
Higgs,15,LazyRF[t=0.990],0.72165,1.4494783878326416,56.7785,0.04097686129226935,-0.00014999999999998348,0.432215,0.05939507484436035,0.99,
Higgs,15,LazyGBM[s=2.00],0.71295,0.14986085891723633,79.1369,0.3013163379268871,0.0,0.208631,0.04515552520751953,,2.0
Higgs,15,LazyGBM[s=4.00],0.71295,0.15890026092529297,87.443175,0.2841752741284007,0.0,0.12556825000000005,0.04515552520751953,,4.0
Credit Card,15,LazyRF[t=0.900],0.999475,0.20201349258422852,10.0155,0.13055141825975503,-2.5000000000052758e-05,0.899845,0.02637314796447754,0.9,
Credit Card,15,LazyRF[t=0.970],0.99945,0.19607925415039062,10.03175,0.1345024902239256,0.0,0.8996824999999999,0.02637314796447754,0.97,
Credit Card,15,LazyRF[t=0.990],0.99945,0.19567346572875977,10.04,0.134781422030086,0.0,0.8996,0.02637314796447754,0.99,
Credit Card,15,LazyGBM[s=2.00],0.998775,0.08518409729003906,35.011875,0.207115828127449,0.0,0.64988125,0.017642974853515625,,2.0
Credit Card,15,LazyGBM[s=4.00],0.998775,0.08935022354125977,35.024675,0.197458653758919,0.0,0.6497532500000001,0.017642974853515625,,4.0
MNIST,16,LazyRF[t=0.900],0.9689,0.5369629859924316,15.307,0.0730445886796206,0.0010999999999999899,0.84693,0.03922224044799805,0.9,
MNIST,16,LazyRF[t=0.970],0.97,0.5599365234375,18.863,0.07004765505777197,0.0,0.81137,0.03922224044799805,0.97,
MNIST,16,LazyRF[t=0.990],0.9701,0.611116886138916,22.196,0.06418124149016273,-9.999999999998899e-05,0.77804,0.03922224044799805,0.99,
MNIST,16,LazyGBM[s=2.00],0.9419,2.1899116039276123,81.0,0.08067659173960592,0.0040000000000000036,0.18999999999999995,0.17667460441589355,,2.0
MNIST,16,LazyGBM[s=4.00],0.9419,2.2242913246154785,81.0,0.0794296153838733,0.0040000000000000036,0.18999999999999995,0.17667460441589355,,4.0
Covertype,16,LazyRF[t=0.900],0.9261,1.5847985744476318,16.601,0.03660242989189164,0.0009249999999999536,0.83399,0.05800747871398926,0.9,
Covertype,16,LazyRF[t=0.970],0.926825,1.8576772212982178,21.65075,0.03122581148594337,0.00019999999999997797,0.7834925,0.05800747871398926,0.97,
Covertype,16,LazyRF[t=0.990],0.9269,2.1058928966522217,25.92075,0.027545312872371077,0.00012500000000004174,0.7407925,0.05800747871398926,0.99,
Covertype,16,LazyGBM[s=2.00],0.76915,0.850024938583374,80.9967,0.28059837380860825,0.005024999999999946,0.190033,0.23851561546325684,,2.0
Covertype,16,LazyGBM[s=4.00],0.76915,0.8574001789093018,81.0,0.2781847045642939,0.005024999999999946,0.18999999999999995,0.23851561546325684,,4.0
Higgs,16,LazyRF[t=0.900],0.719525,0.8819687366485596,32.9055,0.071302117053615,0.0021999999999999797,0.6709449999999999,0.06288623809814453,0.9,
Higgs,16,LazyRF[t=0.970],0.721175,1.2265043258666992,48.0765,0.05127274056184554,0.0005499999999999394,0.5192349999999999,0.06288623809814453,0.97,
Higgs,16,LazyRF[t=0.990],0.721175,1.4290380477905273,56.35825,0.04400599283929114,0.0005499999999999394,0.4364175,0.06288623809814453,0.99,
Higgs,16,LazyGBM[s=2.00],0.710925,0.14962077140808105,81.7075,0.291894734326075,0.0,0.182925,0.04367351531982422,,2.0
Higgs,16,LazyGBM[s=4.00],0.710925,0.1589345932006836,88.55565,0.27478923524646726,0.0,0.11444350000000003,0.04367351531982422,,4.0
Credit Card,16,LazyRF[t=0.900],0.999675,0.20204496383666992,10.02025,0.13045438132347145,0.0,0.8997975,0.026357650756835938,0.9,
Credit Card,16,LazyRF[t=0.970],0.999675,0.19653105735778809,10.033,0.1341144301119359,0.0,0.89967,0.026357650756835938,0.97,
Credit Card,16,LazyRF[t=0.990],0.999675,0.193375825881958,10.04275,0.13630271848418832,0.0,0.8995725,0.026357650756835938,0.99,
Credit Card,16,LazyGBM[s=2.00],0.9983,0.12545204162597656,88.89855,0.14126807352561083,0.0,0.11101450000000002,0.017722368240356445,,2.0
Credit Card,16,LazyGBM[s=4.00],0.9983,0.1280193328857422,88.898575,0.1384350928947094,0.0,0.11101425000000009,0.017722368240356445,,4.0
MNIST,17,LazyRF[t=0.900],0.9688,0.5368399620056152,15.5,0.07286280849325168,0.00029999999999996696,0.845,0.03911566734313965,0.9,
MNIST,17,LazyRF[t=0.970],0.9692,0.5687556266784668,18.859,0.06877411933764097,-9.999999999998899e-05,0.81141,0.03911566734313965,0.97,
MNIST,17,LazyRF[t=0.990],0.9691,0.590890645980835,22.031,0.06619781106571847,0.0,0.77969,0.03911566734313965,0.99,
MNIST,17,LazyGBM[s=2.00],0.9419,2.2156434059143066,81.0,0.06900068244313351,0.0040000000000000036,0.18999999999999995,0.15288090705871582,,2.0
MNIST,17,LazyGBM[s=4.00],0.9419,2.2325401306152344,81.0,0.06847845866787869,0.0040000000000000036,0.18999999999999995,0.15288090705871582,,4.0
Covertype,17,LazyRF[t=0.900],0.9255,1.5934641361236572,16.54625,0.03749996446458301,0.0009500000000000064,0.8345374999999999,0.05975484848022461,0.9,
Covertype,17,LazyRF[t=0.970],0.9261,1.8455288410186768,21.564,0.03237817104350519,0.00034999999999996145,0.78436,0.05975484848022461,0.97,
Covertype,17,LazyRF[t=0.990],0.926525,2.091951847076416,25.855,0.028564160577469473,-7.500000000004725e-05,0.7414499999999999,0.05975484848022461,0.99,
Covertype,17,LazyGBM[s=2.00],0.7682,0.8482270240783691,81.0,0.27889447236180903,0.004325000000000023,0.18999999999999995,0.23656582832336426,,2.0
Covertype,17,LazyGBM[s=4.00],0.7682,0.8629553318023682,81.0,0.27413449990426847,0.004325000000000023,0.18999999999999995,0.23656582832336426,,4.0
Higgs,17,LazyRF[t=0.900],0.72255,0.8912997245788574,33.13375,0.06457232032467522,0.0020000000000000018,0.6686624999999999,0.05755329132080078,0.9,
Higgs,17,LazyRF[t=0.970],0.72435,1.2730460166931152,48.81825,0.04520912093209493,0.00019999999999997797,0.5118175,0.05755329132080078,0.97,
Higgs,17,LazyRF[t=0.990],0.7247,1.4590353965759277,56.93675,0.039446124100804655,-0.00014999999999998348,0.4306325,0.05755329132080078,0.99,
Higgs,17,LazyGBM[s=2.00],0.717125,0.14475631713867188,71.034275,0.3077038369304556,0.0,0.2896572500000001,0.04454207420349121,,2.0
Higgs,17,LazyGBM[s=4.00],0.717125,0.15321636199951172,80.890475,0.29071356102054663,0.0,0.19109525000000005,0.04454207420349121,,4.0
Credit Card,17,LazyRF[t=0.900],0.99945,0.19933366775512695,10.01125,0.19029598141773496,0.0,0.8998875,0.037932395935058594,0.9,
Credit Card,17,LazyRF[t=0.970],0.99945,0.19247221946716309,10.02375,0.19707984892609443,0.0,0.8997625,0.037932395935058594,0.97,
Credit Card,17,LazyRF[t=0.990],0.99945,0.18987202644348145,10.02875,0.19977874911631494,0.0,0.8997125,0.037932395935058594,0.99,
Credit Card,17,LazyGBM[s=2.00],0.9985,0.10052227973937988,54.903125,0.17644756783936283,0.0,0.4509687499999999,0.01773691177368164,,2.0
Credit Card,17,LazyGBM[s=4.00],0.9985,0.10356545448303223,54.9042,0.1712628198487517,0.0,0.45095799999999997,0.01773691177368164,,4.0
MNIST,18,LazyRF[t=0.900],0.9696,0.5367279052734375,15.426,0.07353100568585644,0.00029999999999996696,0.8457399999999999,0.039466142654418945,0.9,
MNIST,18,LazyRF[t=0.970],0.9697,0.5701777935028076,18.758,0.06921725662440169,0.00019999999999997797,0.81242,0.039466142654418945,0.97,
MNIST,18,LazyRF[t=0.990],0.9699,0.5914735794067383,22.126,0.06672511508291613,0.0,0.77874,0.039466142654418945,0.99,
MNIST,18,LazyGBM[s=2.00],0.9419,2.200320243835449,81.0,0.07069089715989448,0.0040000000000000036,0.18999999999999995,0.15554261207580566,,2.0
MNIST,18,LazyGBM[s=4.00],0.9419,2.2246949672698975,81.0,0.0699163770153553,0.0040000000000000036,0.18999999999999995,0.15554261207580566,,4.0
Covertype,18,LazyRF[t=0.900],0.9266,1.59163236618042,16.78775,0.03755900050780507,0.0015000000000000568,0.8321225,0.059780120849609375,0.9,
Covertype,18,LazyRF[t=0.970],0.927875,1.8330490589141846,21.792,0.03261239548330497,0.00022500000000003073,0.78208,0.059780120849609375,0.97,
Covertype,18,LazyRF[t=0.990],0.92805,2.094165086746216,26.0625,0.0285460402467563,4.999999999999449e-05,0.739375,0.059780120849609375,0.99,
Covertype,18,LazyGBM[s=2.00],0.76885,0.8525590896606445,81.0,0.2818205918970707,0.004774999999999974,0.18999999999999995,0.24026870727539062,,2.0
Covertype,18,LazyGBM[s=4.00],0.76885,0.8618242740631104,81.0,0.2787908330112735,0.004774999999999974,0.18999999999999995,0.24026870727539062,,4.0
Higgs,18,LazyRF[t=0.900],0.7157,0.8800950050354004,32.86125,0.06992820582837991,0.002475000000000005,0.6713875,0.06154346466064453,0.9,
Higgs,18,LazyRF[t=0.970],0.717575,1.2214815616607666,48.33425,0.05038427643309491,0.0006000000000000449,0.5166575,0.06154346466064453,0.97,
Higgs,18,LazyRF[t=0.990],0.71785,1.4269397258758545,56.48525,0.0431296876417602,0.0003250000000000197,0.4351475,0.06154346466064453,0.99,
Higgs,18,LazyGBM[s=2.00],0.707825,0.14771652221679688,77.2536,0.30044966815587637,0.0,0.2274639999999999,0.04438138008117676,,2.0
Higgs,18,LazyGBM[s=4.00],0.707825,0.15803050994873047,85.37855,0.2808405800599854,0.0,0.14621449999999991,0.04438138008117676,,4.0
Credit Card,18,LazyRF[t=0.900],0.999575,0.2027885913848877,10.01675,0.1328599964493855,-2.4999999999941735e-05,0.8998325,0.02694249153137207,0.9,
Credit Card,18,LazyRF[t=0.970],0.999575,0.19312405586242676,10.03,0.1395087287860438,-2.4999999999941735e-05,0.8996999999999999,0.02694249153137207,0.97,
Credit Card,18,LazyRF[t=0.990],0.999575,0.1906898021697998,10.03825,0.14128962967501071,-2.4999999999941735e-05,0.8996175,0.02694249153137207,0.99,
Credit Card,18,LazyGBM[s=2.00],0.998325,0.07428288459777832,20.995075,0.24331038467093544,0.0,0.79004925,0.01807379722595215,,2.0
Credit Card,18,LazyGBM[s=4.00],0.998325,0.07778120040893555,20.995975,0.23236716752800102,0.0,0.79004025,0.01807379722595215,,4.0
MNIST,19,LazyRF[t=0.900],0.969,0.5331552028656006,15.411,0.07384084267389317,0.0009000000000000119,0.84589,0.039368629455566406,0.9,
MNIST,19,LazyRF[t=0.970],0.9698,0.5672104358673096,19.032,0.06940744909844379,9.999999999998899e-05,0.80968,0.039368629455566406,0.97,
MNIST,19,LazyRF[t=0.990],0.9699,0.5944788455963135,22.432,0.06622376851118442,0.0,0.77568,0.039368629455566406,0.99,
MNIST,19,LazyGBM[s=2.00],0.9418,2.1281230449676514,81.0,0.0715176291270609,0.0040000000000000036,0.18999999999999995,0.15219831466674805,,2.0
MNIST,19,LazyGBM[s=4.00],0.9418,2.1391639709472656,81.0,0.07114850321611929,0.0040000000000000036,0.18999999999999995,0.15219831466674805,,4.0
Covertype,19,LazyRF[t=0.900],0.92625,1.5778710842132568,16.46075,0.039251618787407995,0.0011249999999999316,0.8353925,0.06193399429321289,0.9,
Covertype,19,LazyRF[t=0.970],0.927175,1.856163740158081,21.3505,0.033366665317973644,0.00019999999999997797,0.7864949999999999,0.06193399429321289,0.97,
Covertype,19,LazyRF[t=0.990],0.927225,2.081716299057007,25.59875,0.029751409604309803,0.00014999999999998348,0.7440125,0.06193399429321289,0.99,
Covertype,19,LazyGBM[s=2.00],0.7679,0.8488399982452393,80.991525,0.2805423598563377,0.004850000000000021,0.19008475000000002,0.23813557624816895,,2.0
Covertype,19,LazyGBM[s=4.00],0.7679,0.8612139225006104,80.995,0.27651152637746657,0.004850000000000021,0.19004999999999994,0.23813557624816895,,4.0
Higgs,19,LazyRF[t=0.900],0.715825,0.8822460174560547,32.8515,0.06722096590430028,0.0031249999999999334,0.671485,0.059305429458618164,0.9,
Higgs,19,LazyRF[t=0.970],0.71915,1.2372066974639893,48.32,0.04793494052382814,-0.00019999999999997797,0.5167999999999999,0.059305429458618164,0.97,
Higgs,19,LazyRF[t=0.990],0.719,1.4426400661468506,56.671,0.041108957702122556,-4.999999999999449e-05,0.43328999999999995,0.059305429458618164,0.99,
Higgs,19,LazyGBM[s=2.00],0.7121,0.14722204208374023,68.55185,0.30024259345030074,0.0,0.31448149999999997,0.044202327728271484,,2.0
Higgs,19,LazyGBM[s=4.00],0.7121,0.15348362922668457,78.667525,0.28799376162123286,0.0,0.21332475000000006,0.044202327728271484,,4.0
Credit Card,19,LazyRF[t=0.900],0.999375,0.19978618621826172,10.01525,0.13405110482073215,2.4999999999941735e-05,0.8998475,0.026781558990478516,0.9,
Credit Card,19,LazyRF[t=0.970],0.9994,0.19150495529174805,10.0275,0.1398478642480983,0.0,0.899725,0.026781558990478516,0.97,
Credit Card,19,LazyRF[t=0.990],0.9994,0.19541335105895996,10.033,0.13705081482584067,0.0,0.89967,0.026781558990478516,0.99,
Credit Card,19,LazyGBM[s=2.00],0.99795,0.06869888305664062,10.9944,0.2549523849186518,0.0,0.890056,0.017514944076538086,,2.0
Credit Card,19,LazyGBM[s=4.00],0.99795,0.07107806205749512,10.995325,0.24641842460997643,0.0,0.89004675,0.017514944076538086,,4.0
MNIST,20,LazyRF[t=0.900],0.9693,0.534379243850708,15.241,0.07483573508632524,-0.00010000000000010001,0.8475900000000001,0.03999066352844238,0.9,
MNIST,20,LazyRF[t=0.970],0.9694,0.5740313529968262,18.796,0.06966634020888314,-0.000200000000000089,0.81204,0.03999066352844238,0.97,
MNIST,20,LazyRF[t=0.990],0.9693,0.5915477275848389,22.139,0.06760344375206308,-0.00010000000000010001,0.77861,0.03999066352844238,0.99,
MNIST,20,LazyGBM[s=2.00],0.9419,2.113492488861084,81.0,0.07298443364246449,0.0040000000000000036,0.18999999999999995,0.1542520523071289,,2.0
MNIST,20,LazyGBM[s=4.00],0.9419,2.1341054439544678,81.0,0.07227948963070072,0.0040000000000000036,0.18999999999999995,0.1542520523071289,,4.0
Covertype,20,LazyRF[t=0.900],0.924775,1.58333420753479,16.524,0.040525163059395554,0.0009749999999999481,0.83476,0.06416487693786621,0.9,
Covertype,20,LazyRF[t=0.970],0.9256,1.8358330726623535,21.51475,0.03495136779773409,0.00014999999999998348,0.7848525,0.06416487693786621,0.97,
Covertype,20,LazyRF[t=0.990],0.92565,2.103459358215332,25.73725,0.030504452908615514,9.999999999998899e-05,0.7426275,0.06416487693786621,0.99,
Covertype,20,LazyGBM[s=2.00],0.767025,0.8469429016113281,80.996225,0.282216547083384,0.00582500000000008,0.19003775,0.23902130126953125,,2.0
Covertype,20,LazyGBM[s=4.00],0.767025,0.8527486324310303,81.0,0.2802951446408366,0.00582500000000008,0.18999999999999995,0.23902130126953125,,4.0
Higgs,20,LazyRF[t=0.900],0.72155,0.87229323387146,33.002,0.06775043233006156,0.00187499999999996,0.66998,0.059098243713378906,0.9,
Higgs,20,LazyRF[t=0.970],0.7234,1.242112159729004,48.59175,0.04757883034191742,2.4999999999941735e-05,0.5140825,0.059098243713378906,0.97,
Higgs,20,LazyRF[t=0.990],0.72325,1.419727087020874,56.92325,0.041626481775021595,0.00017500000000003624,0.43076749999999997,0.059098243713378906,0.99,
Higgs,20,LazyGBM[s=2.00],0.71205,0.15680694580078125,88.149,0.28152520313336254,0.0,0.11851,0.04414510726928711,,2.0
Higgs,20,LazyGBM[s=4.00],0.71205,0.1596355438232422,92.6901,0.2765368301571181,0.0,0.07309900000000003,0.04414510726928711,,4.0
Credit Card,20,LazyRF[t=0.900],0.99955,0.19431591033935547,10.01275,0.13994135113248754,2.4999999999941735e-05,0.8998725,0.02719283103942871,0.9,
Credit Card,20,LazyRF[t=0.970],0.999575,0.19389986991882324,10.0255,0.14024161568964988,0.0,0.899745,0.02719283103942871,0.97,
Credit Card,20,LazyRF[t=0.990],0.999575,0.19516706466674805,10.02975,0.1393310448454049,0.0,0.8997025,0.02719283103942871,0.99,
Credit Card,20,LazyGBM[s=2.00],0.998125,0.09255266189575195,42.9934,0.19122397564104546,0.0,0.570066,0.017698287963867188,,2.0
Credit Card,20,LazyGBM[s=4.00],0.998125,0.09310245513916016,42.99465,0.19009475032010242,0.0,0.5700535,0.017698287963867188,,4.0
MNIST,21,LazyRF[t=0.900],0.9691,0.5320577621459961,15.379,0.07451474539480878,0.000300000000000078,0.84621,0.039646148681640625,0.9,
MNIST,21,LazyRF[t=0.970],0.9697,0.5664651393890381,19.052,0.06998868231220909,-0.00029999999999996696,0.80948,0.039646148681640625,0.97,
MNIST,21,LazyRF[t=0.990],0.9694,0.5967533588409424,22.433,0.06643640642198352,0.0,0.77567,0.039646148681640625,0.99,
MNIST,21,LazyGBM[s=2.00],0.9419,2.239161252975464,81.0,0.07304591500409456,0.0040000000000000036,0.18999999999999995,0.16356158256530762,,2.0
MNIST,21,LazyGBM[s=4.00],0.9419,2.2646872997283936,81.0,0.07222259010545241,0.0040000000000000036,0.18999999999999995,0.16356158256530762,,4.0
Covertype,21,LazyRF[t=0.900],0.926425,1.573157548904419,16.5135,0.037789424883769324,0.001474999999999893,0.834865,0.0594487190246582,0.9,
Covertype,21,LazyRF[t=0.970],0.92755,1.8438777923583984,21.513,0.03224113836124722,0.00034999999999996145,0.78487,0.0594487190246582,0.97,
Covertype,21,LazyRF[t=0.990],0.9279,2.1110172271728516,25.66875,0.028161171903023273,0.0,0.7433125,0.0594487190246582,0.99,
Covertype,21,LazyGBM[s=2.00],0.76885,0.853036642074585,80.994225,0.27786421904499714,0.003974999999999951,0.19005775000000003,0.2370283603668213,,2.0
Covertype,21,LazyGBM[s=4.00],0.76885,0.8607058525085449,80.9986,0.27538834513091465,0.003974999999999951,0.19001400000000002,0.2370283603668213,,4.0
Higgs,21,LazyRF[t=0.900],0.718825,0.8578054904937744,32.616,0.07160599650295714,0.003249999999999975,0.67384,0.06142401695251465,0.9,
Higgs,21,LazyRF[t=0.970],0.7213,1.2232556343078613,48.0405,0.05021355735448494,0.0007749999999999702,0.519595,0.06142401695251465,0.97,
Higgs,21,LazyRF[t=0.990],0.721475,1.4250564575195312,56.23225,0.04310286559413229,0.0006000000000000449,0.43767749999999994,0.06142401695251465,0.99,
Higgs,21,LazyGBM[s=2.00],0.710675,0.14835500717163086,76.9339,0.29478694921301224,0.0,0.230661,0.04373311996459961,,2.0
Higgs,21,LazyGBM[s=4.00],0.710675,0.15660953521728516,85.6949,0.2792494077957824,0.0,0.14305099999999993,0.04373311996459961,,4.0
Credit Card,21,LazyRF[t=0.900],0.99955,0.19791626930236816,10.01325,0.1906107663822503,2.4999999999941735e-05,0.8998675,0.037724971771240234,0.9,
Credit Card,21,LazyRF[t=0.970],0.99955,0.19309735298156738,10.026,0.19536762772113905,2.4999999999941735e-05,0.89974,0.037724971771240234,0.97,
Credit Card,21,LazyRF[t=0.990],0.999575,0.19579267501831055,10.034,0.1926781569724822,0.0,0.89966,0.037724971771240234,0.99,
Credit Card,21,LazyGBM[s=2.00],0.999375,0.13092517852783203,97.97455,0.1353571038350876,0.0,0.020254500000000064,0.01772165298461914,,2.0
Credit Card,21,LazyGBM[s=4.00],0.999375,0.13312602043151855,97.97455,0.13311937761810697,0.0,0.020254500000000064,0.01772165298461914,,4.0
MNIST,22,LazyRF[t=0.900],0.9692,0.5374839305877686,15.362,0.0731485633908527,0.0009000000000000119,0.84638,0.03931617736816406,0.9,
MNIST,22,LazyRF[t=0.970],0.9699,0.5722992420196533,18.863,0.06869863610061169,0.00019999999999997797,0.81137,0.03931617736816406,0.97,
MNIST,22,LazyRF[t=0.990],0.9701,0.5947844982147217,22.159,0.06610155020208786,0.0,0.77841,0.03931617736816406,0.99,
MNIST,22,LazyGBM[s=2.00],0.9418,2.1484880447387695,81.0,0.07237977799705529,0.0040000000000000036,0.18999999999999995,0.15550708770751953,,2.0
MNIST,22,LazyGBM[s=4.00],0.9418,2.167893648147583,81.0,0.07173188031636002,0.0040000000000000036,0.18999999999999995,0.15550708770751953,,4.0
Covertype,22,LazyRF[t=0.900],0.926725,1.576158046722412,16.4785,0.03907887687066454,0.0006249999999999867,0.835215,0.061594486236572266,0.9,
Covertype,22,LazyRF[t=0.970],0.927075,1.8528907299041748,21.50875,0.03324237379057842,0.0002750000000000252,0.7849125,0.061594486236572266,0.97,
Covertype,22,LazyRF[t=0.990],0.92735,2.1115267276763916,25.7375,0.0291705927418467,0.0,0.742625,0.061594486236572266,0.99,
Covertype,22,LazyGBM[s=2.00],0.765125,0.8520042896270752,81.0,0.2787071174023699,0.0043999999999999595,0.18999999999999995,0.23745965957641602,,2.0
Covertype,22,LazyGBM[s=4.00],0.765125,0.8521649837493896,81.0,0.2786545611527377,0.0043999999999999595,0.18999999999999995,0.23745965957641602,,4.0
Higgs,22,LazyRF[t=0.900],0.71795,0.8577945232391357,32.83525,0.07041064235289343,0.0022999999999999687,0.6716475,0.06039786338806152,0.9,
Higgs,22,LazyRF[t=0.970],0.7195,1.2480311393737793,48.42225,0.04839451635667294,0.0007499999999999174,0.5157775,0.06039786338806152,0.97,
Higgs,22,LazyRF[t=0.990],0.72005,1.4333624839782715,56.7345,0.04213718725247249,0.00019999999999997797,0.432655,0.06039786338806152,0.99,
Higgs,22,LazyGBM[s=2.00],0.711675,0.14666295051574707,74.1391,0.3005076818786993,0.0,0.258609,0.04407334327697754,,2.0
Higgs,22,LazyGBM[s=4.00],0.711675,0.15562987327575684,82.733775,0.28319333781686656,0.0,0.17266225000000002,0.04407334327697754,,4.0
Credit Card,22,LazyRF[t=0.900],0.9995,0.19545984268188477,10.015,0.13802575693629562,2.4999999999941735e-05,0.89985,0.026978492736816406,0.9,
Credit Card,22,LazyRF[t=0.970],0.999525,0.19324016571044922,10.02875,0.1396112067986991,0.0,0.8997125,0.026978492736816406,0.97,
Credit Card,22,LazyRF[t=0.990],0.999525,0.19768285751342773,10.03525,0.136473607657072,0.0,0.8996475,0.026978492736816406,0.99,
Credit Card,22,LazyGBM[s=2.00],0.99895,0.06501030921936035,9.9853,0.2689558555485875,0.0,0.900147,0.01748490333557129,,2.0
Credit Card,22,LazyGBM[s=4.00],0.99895,0.0685582160949707,9.9853,0.2550373147304506,0.0,0.900147,0.01748490333557129,,4.0
MNIST,23,LazyRF[t=0.900],0.9687,0.5373830795288086,15.404,0.0730833186923567,9.999999999998899e-05,0.84596,0.039273738861083984,0.9,
MNIST,23,LazyRF[t=0.970],0.9688,0.5655272006988525,18.953,0.06944624204202964,0.0,0.81047,0.039273738861083984,0.97,
MNIST,23,LazyRF[t=0.990],0.9687,0.5880935192108154,22.345,0.06678145155176489,9.999999999998899e-05,0.7765500000000001,0.039273738861083984,0.99,
MNIST,23,LazyGBM[s=2.00],0.9418,2.172863721847534,81.0,0.07035654536255558,0.0040000000000000036,0.18999999999999995,0.15287518501281738,,2.0
MNIST,23,LazyGBM[s=4.00],0.9418,2.1883432865142822,81.0,0.06985886810123182,0.0040000000000000036,0.18999999999999995,0.15287518501281738,,4.0
Covertype,23,LazyRF[t=0.900],0.9239,1.5704612731933594,16.61875,0.03781984250170639,0.001274999999999915,0.8338125000000001,0.05939459800720215,0.9,
Covertype,23,LazyRF[t=0.970],0.92465,1.8272168636322021,21.57425,0.03250550013485296,0.0005249999999999977,0.7842575,0.05939459800720215,0.97,
Covertype,23,LazyRF[t=0.990],0.9251,2.1083271503448486,25.86425,0.0281714334502059,7.499999999993623e-05,0.7413575,0.05939459800720215,0.99,
Covertype,23,LazyGBM[s=2.00],0.766875,0.9053876399993896,80.991,0.26885735269604427,0.004650000000000043,0.19008999999999998,0.24342012405395508,,2.0
Covertype,23,LazyGBM[s=4.00],0.766875,0.8690922260284424,80.99905,0.2800854923836228,0.004650000000000043,0.19000950000000005,0.24342012405395508,,4.0
Higgs,23,LazyRF[t=0.900],0.719825,0.8869495391845703,33.0935,0.0687353903190636,0.002074999999999938,0.669065,0.06096482276916504,0.9,
Higgs,23,LazyRF[t=0.970],0.72175,1.2052016258239746,48.4105,0.05058474985667605,0.00014999999999998348,0.515895,0.06096482276916504,0.97,
Higgs,23,LazyRF[t=0.990],0.72175,1.4255273342132568,56.60775,0.042766505633377624,0.00014999999999998348,0.4339225,0.06096482276916504,0.99,
Higgs,23,LazyGBM[s=2.00],0.7087,0.14209461212158203,67.607725,0.30995758303858467,0.0,0.3239227499999999,0.04404330253601074,,2.0
Higgs,23,LazyGBM[s=4.00],0.7087,0.151170015335083,77.582,0.2913494613226339,0.0,0.22418000000000005,0.04404330253601074,,4.0
Credit Card,23,LazyRF[t=0.900],0.999525,0.20495820045471191,10.014,0.13268198828137268,0.0,0.89986,0.02719426155090332,0.9,
Credit Card,23,LazyRF[t=0.970],0.999525,0.19388222694396973,10.02375,0.14026175570369442,0.0,0.8997625,0.02719426155090332,0.97,
Credit Card,23,LazyRF[t=0.990],0.999525,0.19518041610717773,10.03075,0.13932884299196477,0.0,0.8996925,0.02719426155090332,0.99,
Credit Card,23,LazyGBM[s=2.00],0.998625,0.06663942337036133,9.994475,0.26627693144333214,0.0,0.90005525,0.01774454116821289,,2.0
Credit Card,23,LazyGBM[s=4.00],0.998625,0.07056307792663574,9.996675,0.2514706230170663,0.0,0.90003325,0.01774454116821289,,4.0
MNIST,24,LazyRF[t=0.900],0.9696,0.5369741916656494,15.347,0.07298800790149154,0.0005999999999999339,0.84653,0.03919267654418945,0.9,
MNIST,24,LazyRF[t=0.970],0.9702,0.566326379776001,18.906,0.06920510494265043,0.0,0.81094,0.03919267654418945,0.97,
MNIST,24,LazyRF[t=0.990],0.9701,0.5927131175994873,22.19,0.06612419293657852,9.999999999998899e-05,0.7781,0.03919267654418945,0.99,
MNIST,24,LazyGBM[s=2.00],0.9419,2.1819472312927246,81.0,0.07195279591334991,0.0040000000000000036,0.18999999999999995,0.1569972038269043,,2.0
MNIST,24,LazyGBM[s=4.00],0.9419,2.2105984687805176,81.0,0.07102022644280226,0.0040000000000000036,0.18999999999999995,0.1569972038269043,,4.0
Covertype,24,LazyRF[t=0.900],0.9272,1.563673734664917,16.38975,0.03783641530265275,0.0002750000000000252,0.8361025,0.059163808822631836,0.9,
Covertype,24,LazyRF[t=0.970],0.927325,1.8001153469085693,21.288,0.03286667652949956,0.0001500000000000945,0.78712,0.059163808822631836,0.97,
Covertype,24,LazyRF[t=0.990],0.927425,2.0677552223205566,25.551,0.02861257859923803,4.999999999999449e-05,0.7444900000000001,0.059163808822631836,0.99,
Covertype,24,LazyGBM[s=2.00],0.76895,0.850623607635498,80.996075,0.2796634540192288,0.006325000000000025,0.19003925,0.23788833618164062,,2.0
Covertype,24,LazyGBM[s=4.00],0.76895,0.8557875156402588,80.9997,0.27797593658942793,0.006325000000000025,0.19000299999999992,0.23788833618164062,,4.0
Higgs,24,LazyRF[t=0.900],0.71855,0.8686480522155762,32.848,0.06916089317209817,0.00264999999999993,0.67152,0.06007647514343262,0.9,
Higgs,24,LazyRF[t=0.970],0.7215,1.2143878936767578,48.11975,0.04947058139845356,-0.000300000000000078,0.5188024999999999,0.06007647514343262,0.97,
Higgs,24,LazyRF[t=0.990],0.721575,1.419255256652832,56.3305,0.04232957733418358,-0.0003750000000000142,0.43669499999999994,0.06007647514343262,0.99,
Higgs,24,LazyGBM[s=2.00],0.713425,0.14799761772155762,78.2175,0.29575173138170624,0.0,0.21782499999999994,0.043770551681518555,,2.0
Higgs,24,LazyGBM[s=4.00],0.713425,0.15738987922668457,86.445275,0.2781027083607896,0.0,0.13554725,0.043770551681518555,,4.0
Credit Card,24,LazyRF[t=0.900],0.999525,0.20160174369812012,10.0115,0.13182091797454762,0.0,0.899885,0.026575326919555664,0.9,
Credit Card,24,LazyRF[t=0.970],0.999525,0.19191789627075195,10.021,0.13847237509348267,0.0,0.89979,0.026575326919555664,0.97,
Credit Card,24,LazyRF[t=0.990],0.999525,0.19304227828979492,10.0305,0.13766583753047507,0.0,0.899695,0.026575326919555664,0.99,
Credit Card,24,LazyGBM[s=2.00],0.998825,0.08285236358642578,29.981825,0.21031170505427213,0.0,0.70018175,0.017424821853637695,,2.0
Credit Card,24,LazyGBM[s=4.00],0.998825,0.08548760414123535,29.98225,0.20382863724721875,0.0,0.7001775,0.017424821853637695,,4.0
MNIST,25,LazyRF[t=0.900],0.9679,0.5367498397827148,15.411,0.07314244442746654,0.0009000000000000119,0.84589,0.03925919532775879,0.9,
MNIST,25,LazyRF[t=0.970],0.9686,0.5685124397277832,18.984,0.06905600050995717,0.00019999999999997797,0.81016,0.03925919532775879,0.97,
MNIST,25,LazyRF[t=0.990],0.9687,0.5952644348144531,22.334,0.06595252971899132,9.999999999998899e-05,0.77666,0.03925919532775879,0.99,
MNIST,25,LazyGBM[s=2.00],0.9419,2.2745985984802246,81.0,0.06908556261725189,0.0040000000000000036,0.18999999999999995,0.15714192390441895,,2.0
MNIST,25,LazyGBM[s=4.00],0.9419,2.2974064350128174,81.0,0.06839970564613755,0.0040000000000000036,0.18999999999999995,0.15714192390441895,,4.0
Covertype,25,LazyRF[t=0.900],0.9289,1.5752849578857422,16.55075,0.03870551384363539,0.0013250000000000206,0.8344925,0.06097221374511719,0.9,
Covertype,25,LazyRF[t=0.970],0.93015,1.8360576629638672,21.52475,0.033208223780233796,7.499999999993623e-05,0.7847525,0.06097221374511719,0.97,
Covertype,25,LazyRF[t=0.990],0.930275,2.096491813659668,25.74625,0.029082972491403705,-4.999999999999449e-05,0.7425375000000001,0.06097221374511719,0.99,
Covertype,25,LazyGBM[s=2.00],0.76635,0.8581514358520508,80.998575,0.2781992738684895,0.005249999999999977,0.19001424999999994,0.2387371063232422,,2.0
Covertype,25,LazyGBM[s=4.00],0.76635,0.8666932582855225,81.0,0.2754574401507493,0.005249999999999977,0.18999999999999995,0.2387371063232422,,4.0
Higgs,25,LazyRF[t=0.900],0.71885,0.8841795921325684,32.87675,0.06616551409484867,0.001674999999999982,0.6712325,0.058502197265625,0.9,
Higgs,25,LazyRF[t=0.970],0.720625,1.2419278621673584,48.129,0.04710595441793979,-9.999999999998899e-05,0.51871,0.058502197265625,0.97,
Higgs,25,LazyRF[t=0.990],0.720575,1.4304630756378174,56.41075,0.04089738369481501,-4.999999999999449e-05,0.4358925,0.058502197265625,0.99,
Higgs,25,LazyGBM[s=2.00],0.712,0.14331316947937012,70.07685,0.30311313111484134,0.0,0.2992315000000001,0.04344010353088379,,2.0
Higgs,25,LazyGBM[s=4.00],0.712,0.15451788902282715,79.856175,0.28113316720542514,0.0,0.20143825000000004,0.04344010353088379,,4.0
Credit Card,25,LazyRF[t=0.900],0.99955,0.20149970054626465,10.017,0.13634131652213627,0.0,0.89983,0.027472734451293945,0.9,
Credit Card,25,LazyRF[t=0.970],0.99955,0.19247698783874512,10.031,0.1427325664214481,0.0,0.89969,0.027472734451293945,0.97,
Credit Card,25,LazyRF[t=0.990],0.99955,0.19487357139587402,10.0365,0.1409772205358967,0.0,0.899635,0.027472734451293945,0.99,
Credit Card,25,LazyGBM[s=2.00],0.99905,0.06768131256103516,13.001,0.2593702884357959,0.0,0.86999,0.017554521560668945,,2.0
Credit Card,25,LazyGBM[s=4.00],0.99905,0.0718545913696289,13.005075,0.24430619151901253,0.0,0.86994925,0.017554521560668945,,4.0
MNIST,26,LazyRF[t=0.900],0.97,0.5405075550079346,15.421,0.07423161258250248,0.000500000000000056,0.84579,0.04012274742126465,0.9,
MNIST,26,LazyRF[t=0.970],0.9706,0.5753612518310547,18.781,0.06973487924947373,-9.999999999998899e-05,0.81219,0.04012274742126465,0.97,
MNIST,26,LazyRF[t=0.990],0.9705,0.5917689800262451,22.205,0.06780136974987298,0.0,0.77795,0.04012274742126465,0.99,
MNIST,26,LazyGBM[s=2.00],0.9419,2.2707631587982178,81.0,0.07765854205534471,0.0040000000000000036,0.18999999999999995,0.1763441562652588,,2.0
MNIST,26,LazyGBM[s=4.00],0.9419,2.2931747436523438,81.0,0.07689957198132887,0.0040000000000000036,0.18999999999999995,0.1763441562652588,,4.0
Covertype,26,LazyRF[t=0.900],0.9243,1.5931146144866943,16.77475,0.03810935846071398,0.0009000000000000119,0.8322525,0.060712575912475586,0.9,
Covertype,26,LazyRF[t=0.970],0.925025,1.8816967010498047,21.82875,0.03226480435375363,0.00017500000000003624,0.7817125,0.060712575912475586,0.97,
Covertype,26,LazyRF[t=0.990],0.92515,2.134953260421753,26.12325,0.02843742626032104,4.999999999999449e-05,0.7387675,0.060712575912475586,0.99,
Covertype,26,LazyGBM[s=2.00],0.764475,0.8555147647857666,80.998925,0.2811008254909234,0.00572499999999998,0.19001075,0.24048590660095215,,2.0
Covertype,26,LazyGBM[s=4.00],0.764475,0.8619892597198486,81.0,0.27898944666562486,0.00572499999999998,0.18999999999999995,0.24048590660095215,,4.0
Higgs,26,LazyRF[t=0.900],0.717375,0.8711142539978027,33.02975,0.06816316968085659,0.0034000000000000696,0.6697025,0.05937790870666504,0.9,
Higgs,26,LazyRF[t=0.970],0.720725,1.2282538414001465,48.15775,0.04834335273804417,5.0000000000105516e-05,0.5184225,0.05937790870666504,0.97,
Higgs,26,LazyRF[t=0.990],0.720525,1.4233009815216064,56.29575,0.04171844850636299,0.0002500000000000835,0.4370425,0.05937790870666504,0.99,
Higgs,26,LazyGBM[s=2.00],0.708725,0.14494633674621582,69.30375,0.3036521155557456,0.0,0.3069625,0.044013261795043945,,2.0
Higgs,26,LazyGBM[s=4.00],0.708725,0.15473127365112305,79.478575,0.2844496833541349,0.0,0.20521424999999993,0.044013261795043945,,4.0
Credit Card,26,LazyRF[t=0.900],0.999475,0.1934669017791748,10.0125,0.13781965570657298,2.5000000000052758e-05,0.899875,0.026663541793823242,0.9,
Credit Card,26,LazyRF[t=0.970],0.999475,0.19225788116455078,10.024,0.13868633957846596,2.5000000000052758e-05,0.89976,0.026663541793823242,0.97,
Credit Card,26,LazyRF[t=0.990],0.999475,0.19481110572814941,10.0275,0.1368686949040322,2.5000000000052758e-05,0.899725,0.026663541793823242,0.99,
Credit Card,26,LazyGBM[s=2.00],0.998725,0.12586593627929688,91.8359,0.13802091225943325,2.5000000000052758e-05,0.08164100000000007,0.01737213134765625,,2.0
Credit Card,26,LazyGBM[s=4.00],0.99875,0.13060569763183594,91.8361,0.13301204819277107,0.0,0.08163900000000002,0.01737213134765625,,4.0
MNIST,27,LazyRF[t=0.900],0.9687,0.5362420082092285,15.341,0.07359674403177717,0.00039999999999995595,0.84659,0.03946566581726074,0.9,
MNIST,27,LazyRF[t=0.970],0.9691,0.5664794445037842,18.88,0.0696683104747627,0.0,0.8112,0.03946566581726074,0.97,
MNIST,27,LazyRF[t=0.990],0.9691,0.5940961837768555,22.235,0.06642975816872808,0.0,0.77765,0.03946566581726074,0.99,
MNIST,27,LazyGBM[s=2.00],0.9418,2.2009730339050293,81.0,0.0771437082613429,0.0040000000000000036,0.18999999999999995,0.16979122161865234,,2.0
MNIST,27,LazyGBM[s=4.00],0.9418,2.209871292114258,81.0,0.07683308173853301,0.0040000000000000036,0.18999999999999995,0.16979122161865234,,4.0
Covertype,27,LazyRF[t=0.900],0.926675,1.5754673480987549,16.4675,0.03753365812200959,0.0011499999999999844,0.835325,0.059133052825927734,0.9,
Covertype,27,LazyRF[t=0.970],0.92765,1.8437862396240234,21.36525,0.03207153386608736,0.00017500000000003624,0.7863475,0.059133052825927734,0.97,
Covertype,27,LazyRF[t=0.990],0.927825,2.1021780967712402,25.557,0.028129421059400667,0.0,0.74443,0.059133052825927734,0.99,
Covertype,27,LazyGBM[s=2.00],0.76655,0.8578095436096191,80.996875,0.2774271425053517,0.005400000000000071,0.19003124999999998,0.23797965049743652,,2.0
Covertype,27,LazyGBM[s=4.00],0.76655,0.864168643951416,80.9988,0.27538565783788826,0.005400000000000071,0.19001199999999996,0.23797965049743652,,4.0
Higgs,27,LazyRF[t=0.900],0.72025,0.8649959564208984,32.89575,0.07532408540551745,0.001875000000000071,0.6710425,0.065155029296875,0.9,
Higgs,27,LazyRF[t=0.970],0.7224,1.2271068096160889,48.04225,0.05309646135633403,-0.0002750000000000252,0.5195775,0.065155029296875,0.97,
Higgs,27,LazyRF[t=0.990],0.722225,1.4240601062774658,56.2015,0.04575300509414039,-9.999999999998899e-05,0.43798499999999996,0.065155029296875,0.99,
Higgs,27,LazyGBM[s=2.00],0.713575,0.14707064628601074,73.618,0.300243653736105,0.0,0.26382000000000005,0.04415702819824219,,2.0
Higgs,27,LazyGBM[s=4.00],0.713575,0.1562788486480713,83.039075,0.2825528123622195,0.0,0.16960925000000004,0.04415702819824219,,4.0
Credit Card,27,LazyRF[t=0.900],0.99955,0.19940614700317383,10.00875,0.1911964800267824,2.4999999999941735e-05,0.8999125,0.03812575340270996,0.9,
Credit Card,27,LazyRF[t=0.970],0.999575,0.19446969032287598,10.0305,0.19604984889629934,0.0,0.899695,0.03812575340270996,0.97,
Credit Card,27,LazyRF[t=0.990],0.999575,0.19670724868774414,10.0375,0.19381976849887886,0.0,0.899625,0.03812575340270996,0.99,
Credit Card,27,LazyGBM[s=2.00],0.998425,0.06904959678649902,10.004375,0.2586986171296376,0.0,0.89995625,0.017863035202026367,,2.0
Credit Card,27,LazyGBM[s=4.00],0.998425,0.07079386711120605,10.005475,0.25232461413594404,0.0,0.89994525,0.017863035202026367,,4.0
MNIST,28,LazyRF[t=0.900],0.9697,0.5350415706634521,15.659,0.07358451638432227,0.00039999999999995595,0.84341,0.03937077522277832,0.9,
MNIST,28,LazyRF[t=0.970],0.97,0.5704874992370605,19.181,0.06901251171222979,9.999999999998899e-05,0.80819,0.03937077522277832,0.97,
MNIST,28,LazyRF[t=0.990],0.9702,0.5977370738983154,22.471,0.06586637660938514,-9.999999999998899e-05,0.77529,0.03937077522277832,0.99,
MNIST,28,LazyGBM[s=2.00],0.9419,2.08625864982605,81.0,0.07173258191651287,0.0040000000000000036,0.18999999999999995,0.14965271949768066,,2.0
MNIST,28,LazyGBM[s=4.00],0.9419,2.1254165172576904,81.0,0.0704110080459756,0.0040000000000000036,0.18999999999999995,0.14965271949768066,,4.0
Covertype,28,LazyRF[t=0.900],0.925375,1.5700881481170654,16.3995,0.03811294241056806,0.0009500000000000064,0.836005,0.05984067916870117,0.9,
Covertype,28,LazyRF[t=0.970],0.926175,1.833303689956665,21.32775,0.03264089823007756,0.00014999999999998348,0.7867225,0.05984067916870117,0.97,
Covertype,28,LazyRF[t=0.990],0.926175,2.085235834121704,25.46325,0.028697319597860215,0.00014999999999998348,0.7453675,0.05984067916870117,0.99,
Covertype,28,LazyGBM[s=2.00],0.76695,0.8543877601623535,81.0,0.2776452591025354,0.004375000000000018,0.18999999999999995,0.23721671104431152,,2.0
Covertype,28,LazyGBM[s=4.00],0.76695,0.8660778999328613,81.0,0.2738976610102863,0.004375000000000018,0.18999999999999995,0.23721671104431152,,4.0
Higgs,28,LazyRF[t=0.900],0.720025,0.8685204982757568,32.999,0.06978321029285127,0.003275000000000028,0.67001,0.0606081485748291,0.9,
Higgs,28,LazyRF[t=0.970],0.7228,1.2337596416473389,48.29875,0.04912476184899676,0.000500000000000056,0.5170125000000001,0.0606081485748291,0.97,
Higgs,28,LazyRF[t=0.990],0.7229,1.4294946193695068,56.5415,0.04239830479499177,0.00040000000000006697,0.434585,0.0606081485748291,0.99,
Higgs,28,LazyGBM[s=2.00],0.714275,0.14777636528015137,74.3096,0.30470992338085795,0.0,0.256904,0.0450289249420166,,2.0
Higgs,28,LazyGBM[s=4.00],0.714275,0.155501127243042,83.2809,0.28957298085459027,0.0,0.16719099999999998,0.0450289249420166,,4.0
Credit Card,28,LazyRF[t=0.900],0.999575,0.1924726963043213,10.012,0.1391335692670159,-4.999999999999449e-05,0.89988,0.0267794132232666,0.9,
Credit Card,28,LazyRF[t=0.970],0.999525,0.1927657127380371,10.0275,0.13892207718319197,0.0,0.899725,0.0267794132232666,0.97,
Credit Card,28,LazyRF[t=0.990],0.999525,0.19298934936523438,10.0325,0.13876109387045127,0.0,0.899675,0.0267794132232666,0.99,
Credit Card,28,LazyGBM[s=2.00],0.99925,0.06660771369934082,10.015475,0.25710788086178693,0.0,0.89984525,0.017125368118286133,,2.0
Credit Card,28,LazyGBM[s=4.00],0.99925,0.06995940208435059,10.026025,0.24479008693696303,0.0,0.89973975,0.017125368118286133,,4.0
MNIST,29,LazyRF[t=0.900],0.9683,0.5357546806335449,15.535,0.07437081630782184,0.0010000000000000009,0.84465,0.039844512939453125,0.9,
MNIST,29,LazyRF[t=0.970],0.9693,0.573925256729126,19.054,0.0694245678723605,0.0,0.8094600000000001,0.039844512939453125,0.97,
MNIST,29,LazyRF[t=0.990],0.9692,0.5974698066711426,22.387,0.06668874727151562,0.00010000000000010001,0.77613,0.039844512939453125,0.99,
MNIST,29,LazyGBM[s=2.00],0.9419,2.3450937271118164,81.0,0.06725900555874338,0.0040000000000000036,0.18999999999999995,0.1577286720275879,,2.0
MNIST,29,LazyGBM[s=4.00],0.9419,2.359168767929077,81.0,0.0668577314907594,0.0040000000000000036,0.18999999999999995,0.1577286720275879,,4.0
Covertype,29,LazyRF[t=0.900],0.928175,1.5493168830871582,16.47525,0.03827674473932129,0.0013250000000000206,0.8352475,0.05930280685424805,0.9,
Covertype,29,LazyRF[t=0.970],0.929075,1.8172321319580078,21.36775,0.032633589188383556,0.0004250000000000087,0.7863225,0.05930280685424805,0.97,
Covertype,29,LazyRF[t=0.990],0.929375,2.074225664138794,25.551,0.02859033512097162,0.00012500000000004174,0.7444900000000001,0.05930280685424805,0.99,
Covertype,29,LazyGBM[s=2.00],0.768775,0.8652684688568115,80.999525,0.2762780437225955,0.002874999999999961,0.19000474999999994,0.23905467987060547,,2.0
Covertype,29,LazyGBM[s=4.00],0.768775,0.8743231296539307,81.0,0.2734168544359871,0.002874999999999961,0.18999999999999995,0.23905467987060547,,4.0
Higgs,29,LazyRF[t=0.900],0.720025,0.8791236877441406,32.91925,0.06909721770221777,0.0029000000000000137,0.6708075,0.0607450008392334,0.9,
Higgs,29,LazyRF[t=0.970],0.722875,1.2307360172271729,48.31475,0.04935664512044658,4.999999999999449e-05,0.5168525,0.0607450008392334,0.97,
Higgs,29,LazyRF[t=0.990],0.72295,1.4304687976837158,56.46475,0.042465100208822895,-2.4999999999941735e-05,0.43535250000000003,0.0607450008392334,0.99,
Higgs,29,LazyGBM[s=2.00],0.713625,0.14865827560424805,77.6483,0.30167854015441414,0.0,0.22351699999999997,0.04484701156616211,,2.0
Higgs,29,LazyGBM[s=4.00],0.713625,0.15751028060913086,85.46575,0.28472434556479564,0.0,0.14534250000000004,0.04484701156616211,,4.0
Credit Card,29,LazyRF[t=0.900],0.999475,0.20295214653015137,10.02075,0.13136084525805206,0.0,0.8997925,0.02665996551513672,0.9,
Credit Card,29,LazyRF[t=0.970],0.999475,0.19314026832580566,10.03125,0.1380342159935513,0.0,0.8996875,0.02665996551513672,0.97,
Credit Card,29,LazyRF[t=0.990],0.999475,0.195051908493042,10.03825,0.13668138764244775,0.0,0.8996175,0.02665996551513672,0.99,
Credit Card,29,LazyGBM[s=2.00],0.998075,0.10030293464660645,55.922,0.172122243588677,0.0,0.44078000000000006,0.017264366149902344,,2.0
Credit Card,29,LazyGBM[s=4.00],0.998075,0.10236120223999023,55.922,0.1686612287869118,0.0,0.44078000000000006,0.017264366149902344,,4.0
